cohort,dataset,outcome,model,n,gene_pearson_r,pathway_pearson_r,pearson_difference_pathway_minus_gene,pearson_difference_ci_2_5,pearson_difference_ci_97_5,pearson_conclusion,gene_spearman_rho,pathway_spearman_rho,spearman_difference_pathway_minus_gene,spearman_difference_ci_2_5,spearman_difference_ci_97_5,spearman_conclusion,successful_paired_bootstraps,panel_order,drug_name,study_role,mechanism_class
GDSC2_strict_sanger_heldout,GDSC2,LN_IC50,Elastic Net,349,-0.1937352142461701,0.220755884059986,0.4144910983061561,0.2937905464709296,0.5399281437480296,pathway favored,-0.1441082896946942,0.2286998743771789,0.3728081640718731,0.2246671476633827,0.5196681495244377,pathway favored,1000,2,gemcitabine,Confirmatory extension,Antimetabolite
GDSC2_strict_sanger_heldout,GDSC2,LN_IC50,Random forest,349,0.2132159572308206,0.29998747203595,0.0867715148051293,-0.0129641067880762,0.1888065593698234,difference uncertain,0.2357858483774894,0.3136127147232769,0.0778268663457874,-0.0258541326649175,0.1917476277421796,difference uncertain,1000,2,gemcitabine,Confirmatory extension,Antimetabolite
GDSC2_strict_sanger_heldout,GDSC2,AUC,Elastic Net,349,-0.1655134328244104,0.1877522464421916,0.353265679266602,0.2190188909955445,0.4830509775417815,pathway favored,-0.1028836789137154,0.1642768218837777,0.2671605007974931,0.1285081656313009,0.4103762200063824,pathway favored,1000,2,gemcitabine,Confirmatory extension,Antimetabolite
GDSC2_strict_sanger_heldout,GDSC2,AUC,Random forest,349,0.1581473937079001,0.2285293823079664,0.0703819886000662,-0.024023487195693,0.1594890665472216,difference uncertain,0.1828243962341383,0.2280045732352816,0.0451801770011433,-0.0620594664349368,0.1471670723099293,difference uncertain,1000,2,gemcitabine,Confirmatory extension,Antimetabolite
GDSC2_heldout_all_expression_sources,GDSC2,LN_IC50,Elastic Net,562,-0.1975341189751961,0.2808418696934526,0.4783759886686487,0.3713130998789666,0.5788857774288639,pathway favored,-0.1848952207583021,0.3091166527700601,0.4940118735283622,0.3819831068785982,0.6046223249594375,pathway favored,1000,2,gemcitabine,Confirmatory extension,Antimetabolite
GDSC2_heldout_all_expression_sources,GDSC2,LN_IC50,Random forest,562,0.2980704651612603,0.3486951725075957,0.0506247073463353,-0.0170781724674222,0.1194965574766216,difference uncertain,0.3193876911884787,0.3743454434651262,0.0549577522766475,-0.0200996129903867,0.1273956718860323,difference uncertain,1000,2,gemcitabine,Confirmatory extension,Antimetabolite
GDSC2_heldout_all_expression_sources,GDSC2,AUC,Elastic Net,562,-0.1901583276782136,0.2458289938593631,0.4359873215375768,0.3283298565794733,0.545762536179328,pathway favored,-0.1622292903915064,0.2363857564576968,0.3986150468492032,0.2830329421012456,0.5102367268571455,pathway favored,1000,2,gemcitabine,Confirmatory extension,Antimetabolite
GDSC2_heldout_all_expression_sources,GDSC2,AUC,Random forest,562,0.2397300203355671,0.290011690537797,0.0502816702022299,-0.0196734772361706,0.1218200724573009,difference uncertain,0.2580177481980861,0.2901091912607645,0.0320914430626784,-0.0457158368724261,0.108846442139908,difference uncertain,1000,2,gemcitabine,Confirmatory extension,Antimetabolite
GDSC1_strict_sanger_heldout,GDSC1,LN_IC50,Elastic Net,335,0.1500727353257623,-0.0102038681104755,-0.1602766034362378,-0.3119315566974327,-0.0207505701956193,individual genes favored,0.2104729772863654,-0.0204425902991458,-0.2309155675855113,-0.3788346509600216,-0.0852048810383866,individual genes favored,1000,2,gemcitabine,Confirmatory extension,Antimetabolite
GDSC1_strict_sanger_heldout,GDSC1,LN_IC50,Random forest,335,0.1650355511991117,0.0746900178354087,-0.0903455333637029,-0.2065574679179536,0.0224892555885358,difference uncertain,0.1480586800812022,0.0556563844592265,-0.0924022956219756,-0.2161029765778028,0.0270534906716749,difference uncertain,1000,2,gemcitabine,Confirmatory extension,Antimetabolite
GDSC1_strict_sanger_heldout,GDSC1,AUC,Elastic Net,335,0.1829450775249415,-0.0481218083380078,-0.2310668858629494,-0.3694167753262875,-0.094414904373255,individual genes favored,0.2268260919525555,-0.0562002859951738,-0.2830263779477293,-0.4288992997369659,-0.1390344807062946,individual genes favored,1000,2,gemcitabine,Confirmatory extension,Antimetabolite
GDSC1_strict_sanger_heldout,GDSC1,AUC,Random forest,335,0.1535748087569278,0.0326491152169202,-0.1209256935400075,-0.2348320517994319,-0.0090316680442574,individual genes favored,0.1210902289238155,0.0163333248215722,-0.1047569041022433,-0.2237278546494341,0.0143494866584256,difference uncertain,1000,2,gemcitabine,Confirmatory extension,Antimetabolite
GDSC1_heldout_all_expression_sources,GDSC1,LN_IC50,Elastic Net,536,0.1023526228312118,0.0672317574329877,-0.035120865398224,-0.151089514213112,0.0715137570395026,difference uncertain,0.1388209321481144,0.0736297107892376,-0.0651912213588767,-0.1870505217042208,0.0433581278214706,difference uncertain,1000,2,gemcitabine,Confirmatory extension,Antimetabolite
GDSC1_heldout_all_expression_sources,GDSC1,LN_IC50,Random forest,536,0.21081359080929,0.1140651815936232,-0.0967484092156667,-0.1752125824124464,-0.0183437390946904,individual genes favored,0.194611186743669,0.0933892901700446,-0.1012218965736243,-0.1848776262009013,-0.0138876190360712,individual genes favored,1000,2,gemcitabine,Confirmatory extension,Antimetabolite
GDSC1_heldout_all_expression_sources,GDSC1,AUC,Elastic Net,536,0.1340849213971352,0.0090283541322216,-0.1250565672649136,-0.2446874572908958,-0.0013379567818837,individual genes favored,0.1686871859051736,0.0221750070718822,-0.1465121788332913,-0.2670868733443025,-0.0242617253441584,individual genes favored,1000,2,gemcitabine,Confirmatory extension,Antimetabolite
GDSC1_heldout_all_expression_sources,GDSC1,AUC,Random forest,536,0.1757004825360468,0.0530065985176523,-0.1226938840183944,-0.2099394225450888,-0.0429499517052429,individual genes favored,0.1508976030410262,0.0344036357657231,-0.1164939672753031,-0.2071994869329192,-0.0362668029918388,individual genes favored,1000,2,gemcitabine,Confirmatory extension,Antimetabolite
GDSC2_strict_sanger_heldout,GDSC2,LN_IC50,Elastic Net,351,0.1336324464056227,0.2196621803603547,0.0860297339547319,-0.023130737889133,0.1938010387771967,difference uncertain,0.1590800865800865,0.1930555555555555,0.0339754689754689,-0.0842184804927577,0.1545456905132867,difference uncertain,1000,3,docetaxel,Confirmatory extension,Microtubule stabilization
GDSC2_strict_sanger_heldout,GDSC2,LN_IC50,Random forest,351,0.2481052024183552,0.1396942378243766,-0.1084109645939786,-0.203448917065221,-0.0129344210399833,individual genes favored,0.2582381507381507,0.1443575868575868,-0.1138805638805638,-0.2105579823777108,-0.0188520601255991,individual genes favored,1000,3,docetaxel,Confirmatory extension,Microtubule stabilization
GDSC2_strict_sanger_heldout,GDSC2,AUC,Elastic Net,351,0.1840514158649838,0.138694910074643,-0.0453565057903407,-0.1746625962188724,0.0737648737574344,difference uncertain,0.1960375735375735,0.1512101787101787,-0.0448273948273948,-0.1760074127640934,0.073008153334282,difference uncertain,1000,3,docetaxel,Confirmatory extension,Microtubule stabilization
GDSC2_strict_sanger_heldout,GDSC2,AUC,Random forest,351,0.2429861331029032,0.0721242814212978,-0.1708618516816054,-0.2653391263131728,-0.0599083078437794,individual genes favored,0.2499730824730824,0.108561161061161,-0.1414119214119214,-0.2339742565531126,-0.0393696605142522,individual genes favored,1000,3,docetaxel,Confirmatory extension,Microtubule stabilization
GDSC2_heldout_all_expression_sources,GDSC2,LN_IC50,Elastic Net,554,0.1473802528508002,0.2068432903966636,0.0594630375458634,-0.0255296786420781,0.146668491462128,difference uncertain,0.1628469200100146,0.2158960509003921,0.0530491308903774,-0.0389599639492567,0.1396308939336896,difference uncertain,1000,3,docetaxel,Confirmatory extension,Microtubule stabilization
GDSC2_heldout_all_expression_sources,GDSC2,LN_IC50,Random forest,554,0.2780163190060531,0.175384775604205,-0.1026315434018481,-0.1691843050613843,-0.0310702319408571,individual genes favored,0.2817901874429773,0.1871780725045816,-0.0946121149383956,-0.1641584100814321,-0.0233542445471531,individual genes favored,1000,3,docetaxel,Confirmatory extension,Microtubule stabilization
GDSC2_heldout_all_expression_sources,GDSC2,AUC,Elastic Net,554,0.1818804611156775,0.152095988688468,-0.0297844724272094,-0.1215431869179604,0.0655387933523286,difference uncertain,0.1844292311321512,0.1710709305737409,-0.0133583005584102,-0.1100444287047534,0.0828845934432996,difference uncertain,1000,3,docetaxel,Confirmatory extension,Microtubule stabilization
GDSC2_heldout_all_expression_sources,GDSC2,AUC,Random forest,554,0.2608393063753919,0.1238428569901469,-0.1369964493852449,-0.2079865735538741,-0.0619125432939945,individual genes favored,0.2634260441233891,0.1513520923930831,-0.1120739517303059,-0.180135475025321,-0.0372633803073796,individual genes favored,1000,3,docetaxel,Confirmatory extension,Microtubule stabilization
GDSC1_strict_sanger_heldout,GDSC1,LN_IC50,Elastic Net,336,0.3542281086876439,0.0910339101251779,-0.2631941985624659,-0.3799242459860173,-0.1437508420512928,individual genes favored,0.3264616932294863,0.0724231745047547,-0.2540385187247316,-0.378347130831228,-0.1297093909666855,individual genes favored,1000,3,docetaxel,Confirmatory extension,Microtubule stabilization
GDSC1_strict_sanger_heldout,GDSC1,LN_IC50,Random forest,336,0.2916610108752388,0.0295247354695891,-0.2621362754056497,-0.3531344746309316,-0.174777917631528,individual genes favored,0.2691331388837922,0.0170392210207968,-0.2520939178629954,-0.3452390014904212,-0.1617935113079414,individual genes favored,1000,3,docetaxel,Confirmatory extension,Microtubule stabilization
GDSC1_strict_sanger_heldout,GDSC1,AUC,Elastic Net,336,0.3381881928265212,0.0382804230818733,-0.2999077697446479,-0.4128600708544253,-0.1972471621846793,individual genes favored,0.3315305625328212,0.0418293230751709,-0.2897012394576502,-0.413118382256732,-0.1665086028629093,individual genes favored,1000,3,docetaxel,Confirmatory extension,Microtubule stabilization
GDSC1_strict_sanger_heldout,GDSC1,AUC,Random forest,336,0.2724577794962334,-0.0213312220697389,-0.2937890015659724,-0.3847163746498582,-0.2016313198401325,individual genes favored,0.2490411444262367,-0.0136656691109944,-0.2627068135372312,-0.3497587028375795,-0.1670274428447164,individual genes favored,1000,3,docetaxel,Confirmatory extension,Microtubule stabilization
GDSC1_heldout_all_expression_sources,GDSC1,LN_IC50,Elastic Net,527,0.3040075615470974,0.1106429706121235,-0.1933645909349739,-0.2770049681486902,-0.1077039153809929,individual genes favored,0.2750455690008796,0.0901849717731277,-0.1848605972277519,-0.2715396361415294,-0.0927985011259592,individual genes favored,1000,3,docetaxel,Confirmatory extension,Microtubule stabilization
GDSC1_heldout_all_expression_sources,GDSC1,LN_IC50,Random forest,527,0.295349649769829,0.0565102254925883,-0.2388394242772406,-0.310447596208559,-0.1650423431776502,individual genes favored,0.2531523614876189,0.0376623938827674,-0.2154899676048514,-0.2925008561360394,-0.1397508955815857,individual genes favored,1000,3,docetaxel,Confirmatory extension,Microtubule stabilization
GDSC1_heldout_all_expression_sources,GDSC1,AUC,Elastic Net,527,0.2723206575177784,0.0548769886997998,-0.2174436688179785,-0.3039538238645065,-0.1330087954437635,individual genes favored,0.2659279153830059,0.0490202910775273,-0.2169076243054786,-0.3166637183584325,-0.1146003831081436,individual genes favored,1000,3,docetaxel,Confirmatory extension,Microtubule stabilization
GDSC1_heldout_all_expression_sources,GDSC1,AUC,Random forest,527,0.2458848710494658,-0.0139990014837305,-0.2598838725331964,-0.3322737372821392,-0.1830523488207655,individual genes favored,0.219817054973367,-0.0051736967659291,-0.2249907517392962,-0.2999054347269144,-0.1495550828177529,individual genes favored,1000,3,docetaxel,Confirmatory extension,Microtubule stabilization
GDSC2_strict_sanger_heldout,GDSC2,LN_IC50,Elastic Net,347,0.0862645397659125,0.3706625058930086,0.2843979661270961,0.1198308559136286,0.4422107542383248,pathway favored,0.0702892585957025,0.3308951294704632,0.2606058708747606,0.1119236915780785,0.4046546704177062,pathway favored,1000,4,talazoparib,Confirmatory extension,PARP inhibition
GDSC2_strict_sanger_heldout,GDSC2,LN_IC50,Random forest,347,0.3898154949119333,0.2995615428390185,-0.0902539520729148,-0.1763997528910136,-0.0027919150344312,individual genes favored,0.3261929612229084,0.2593165944721664,-0.066876366750742,-0.1512041378009278,0.0132789900239519,difference uncertain,1000,4,talazoparib,Confirmatory extension,PARP inhibition
GDSC2_strict_sanger_heldout,GDSC2,AUC,Elastic Net,347,0.0931401985690978,0.3151400969302504,0.2219998983611526,0.0430327792226379,0.4132566173224454,pathway favored,0.0623677766487314,0.2123451733845559,0.1499773967358244,-0.0102566144341166,0.3115854113932474,difference uncertain,1000,4,talazoparib,Confirmatory extension,PARP inhibition
GDSC2_strict_sanger_heldout,GDSC2,AUC,Random forest,347,0.3681539702624083,0.2659170723132957,-0.1022368979491125,-0.2054323036703755,0.0001139756300135,difference uncertain,0.2233133570643673,0.1365932199398127,-0.0867201371245546,-0.1725365547746093,0.000756902965119,difference uncertain,1000,4,talazoparib,Confirmatory extension,PARP inhibition
GDSC2_heldout_all_expression_sources,GDSC2,LN_IC50,Elastic Net,546,0.1132414979977041,0.4056795688398258,0.2924380708421217,0.1815362438518838,0.4159143128199444,pathway favored,0.11402572906355,0.3920468408367373,0.2780211117731873,0.1723802556936429,0.3967159241495407,pathway favored,1000,4,talazoparib,Confirmatory extension,PARP inhibition
GDSC2_heldout_all_expression_sources,GDSC2,LN_IC50,Random forest,546,0.4349547712057834,0.3142492302537467,-0.1207055409520367,-0.1775448941606718,-0.0648748610362061,individual genes favored,0.4029882634347353,0.298301470429676,-0.1046867930050594,-0.1622907377448507,-0.0475473123872328,individual genes favored,1000,4,talazoparib,Confirmatory extension,PARP inhibition
GDSC2_heldout_all_expression_sources,GDSC2,AUC,Elastic Net,546,0.113213634278488,0.3467140948033061,0.2335004605248181,0.1088951786116848,0.3689059413809424,pathway favored,0.1070604989998512,0.2816514314392649,0.1745909324394137,0.0568658664809734,0.2896571679768657,pathway favored,1000,4,talazoparib,Confirmatory extension,PARP inhibition
GDSC2_heldout_all_expression_sources,GDSC2,AUC,Random forest,546,0.3970503434093928,0.2805210941312899,-0.1165292492781029,-0.1768372234692625,-0.0570809202607387,individual genes favored,0.2985752787708409,0.2027945554604729,-0.0957807233103679,-0.1563270561840123,-0.029341809980544,individual genes favored,1000,4,talazoparib,Confirmatory extension,PARP inhibition
GDSC1_strict_sanger_heldout,GDSC1,LN_IC50,Elastic Net,323,0.2277707781065811,0.0349837225207667,-0.1927870555858143,-0.3345858601330953,-0.0425792131418686,individual genes favored,0.1630119629850414,0.0163740553429609,-0.1466379076420804,-0.2958721209414814,0.0133024635319341,difference uncertain,1000,4,talazoparib,Confirmatory extension,PARP inhibition
GDSC1_strict_sanger_heldout,GDSC1,LN_IC50,Random forest,323,0.1302958075975799,0.0087575190284106,-0.1215382885691692,-0.2184491389590601,-0.0244626341312296,individual genes favored,0.0196641076974903,-0.031698313701275,-0.0513624213987654,-0.1464588493352869,0.0374069910159987,difference uncertain,1000,4,talazoparib,Confirmatory extension,PARP inhibition
GDSC1_strict_sanger_heldout,GDSC1,AUC,Elastic Net,323,0.2424658981173724,0.0366799699868782,-0.2057859281304941,-0.3443593582406591,-0.0634536237744499,individual genes favored,0.1573912046384788,-0.0398915732069588,-0.1972827778454376,-0.3489570641071253,-0.0421229654681413,individual genes favored,1000,4,talazoparib,Confirmatory extension,PARP inhibition
GDSC1_strict_sanger_heldout,GDSC1,AUC,Random forest,323,0.1833035015199037,0.0316318037551902,-0.1516716977647134,-0.2530486639890293,-0.0419066127507133,individual genes favored,-0.0201882939801906,-0.0756594526953929,-0.0554711587152023,-0.1465297089694368,0.0353541359683854,difference uncertain,1000,4,talazoparib,Confirmatory extension,PARP inhibition
GDSC1_heldout_all_expression_sources,GDSC1,LN_IC50,Elastic Net,511,0.1925466499865222,0.0675946404639157,-0.1249520095226065,-0.2362826202799428,0.0041218484501052,difference uncertain,0.1508004957119834,0.0460591257050765,-0.1047413700069068,-0.215659992752703,0.0118713703423473,difference uncertain,1000,4,talazoparib,Confirmatory extension,PARP inhibition
GDSC1_heldout_all_expression_sources,GDSC1,LN_IC50,Random forest,511,0.1601189782563489,0.0558714262124795,-0.1042475520438693,-0.1780207528673197,-0.0361172543344026,individual genes favored,0.0681046391159203,0.015009227149764,-0.0530954119661563,-0.119954516022422,0.0148381427525421,difference uncertain,1000,4,talazoparib,Confirmatory extension,PARP inhibition
GDSC1_heldout_all_expression_sources,GDSC1,AUC,Elastic Net,511,0.2043026455241328,0.0540912880680697,-0.150211357456063,-0.2747590149455759,-0.0221354593526614,individual genes favored,0.1533095429952802,-0.0251711429434787,-0.178480685938759,-0.3043060264525221,-0.0526346818622528,individual genes favored,1000,4,talazoparib,Confirmatory extension,PARP inhibition
GDSC1_heldout_all_expression_sources,GDSC1,AUC,Random forest,511,0.1851422534502029,0.0648741279796605,-0.1202681254705424,-0.1923707629037628,-0.0460741214254557,individual genes favored,0.0080732164441118,-0.0391423607114078,-0.0472155771555197,-0.1135427164290775,0.0156921903117425,difference uncertain,1000,4,talazoparib,Confirmatory extension,PARP inhibition
GDSC2_strict_sanger_heldout,GDSC2,LN_IC50,Elastic Net,352,0.1113835794955759,0.0064545622251929,-0.104929017270383,-0.2264817540733399,-0.0016133147815016,individual genes favored,0.037099035682605,-0.0576111408264382,-0.0947101765090433,-0.2081401602034093,0.0200885113970039,difference uncertain,1000,5,vorinostat,Confirmatory extension,HDAC inhibition
GDSC2_strict_sanger_heldout,GDSC2,LN_IC50,Random forest,352,0.3743905372302768,0.1871197588564081,-0.1872707783738687,-0.286213428912165,-0.0877908893145249,individual genes favored,0.3830429485528634,0.1489618345142424,-0.234081114038621,-0.3337414706544963,-0.1238219747983785,individual genes favored,1000,5,vorinostat,Confirmatory extension,HDAC inhibition
GDSC2_strict_sanger_heldout,GDSC2,AUC,Elastic Net,352,0.0488396591548551,-0.0355794968531102,-0.0844191560079653,-0.1964188705843622,0.0128964270096295,difference uncertain,0.0141975981211108,-0.0633093299523894,-0.0775069280735002,-0.1814687969035952,0.029982251845109,difference uncertain,1000,5,vorinostat,Confirmatory extension,HDAC inhibition
GDSC2_strict_sanger_heldout,GDSC2,AUC,Random forest,352,0.3363845372376292,0.1594636132411565,-0.1769209239964727,-0.2716491298648955,-0.0774884488754719,individual genes favored,0.3587680025357078,0.1390946950437035,-0.2196733074920043,-0.3257444935246602,-0.1108551155655311,individual genes favored,1000,5,vorinostat,Confirmatory extension,HDAC inhibition
GDSC2_heldout_all_expression_sources,GDSC2,LN_IC50,Elastic Net,572,0.0578679382987859,-0.0585406865519155,-0.1164086248507015,-0.2034665481822562,-0.0353486815653715,individual genes favored,-0.0048256820155115,-0.1085673296454418,-0.1037416476299303,-0.1929011710786997,-0.0203618134207365,individual genes favored,1000,5,vorinostat,Confirmatory extension,HDAC inhibition
GDSC2_heldout_all_expression_sources,GDSC2,LN_IC50,Random forest,572,0.3625410260599565,0.0847958214564866,-0.2777452046034699,-0.3524066647995553,-0.2006483104321109,individual genes favored,0.371563921723924,0.044118185479442,-0.327445736244482,-0.4087610013003237,-0.2517893795969714,individual genes favored,1000,5,vorinostat,Confirmatory extension,HDAC inhibition
GDSC2_heldout_all_expression_sources,GDSC2,AUC,Elastic Net,572,0.0091987791788611,-0.0812911834533425,-0.0904899626322036,-0.1798810750002495,-0.0066451013262838,individual genes favored,-0.0125187527375293,-0.1039261854035237,-0.0914074326659943,-0.1854888334500403,-0.001426602370886,individual genes favored,1000,5,vorinostat,Confirmatory extension,HDAC inhibition
GDSC2_heldout_all_expression_sources,GDSC2,AUC,Random forest,572,0.3251620603494342,0.0646449335952278,-0.2605171267542063,-0.3328567871786771,-0.1896397621237617,individual genes favored,0.3521348769787716,0.0481676931553606,-0.303967183823411,-0.3830919447771537,-0.2224735194890947,individual genes favored,1000,5,vorinostat,Confirmatory extension,HDAC inhibition
GDSC1_strict_sanger_heldout,GDSC1,LN_IC50,Elastic Net,339,0.0913387342819015,-0.0640918729112484,-0.15543060719315,-0.264087969355098,-0.050800450444249,individual genes favored,0.0231933565173464,-0.1138669763344411,-0.1370603328517876,-0.2306162886678733,-0.035796565289482,individual genes favored,1000,5,vorinostat,Confirmatory extension,HDAC inhibition
GDSC1_strict_sanger_heldout,GDSC1,LN_IC50,Random forest,339,0.2014228715440013,0.0817261681049215,-0.1196967034390797,-0.2368106150282851,-0.0086546427201819,individual genes favored,0.2165252318657996,0.0556354709239825,-0.1608897609418171,-0.2708679705113008,-0.0560260697235625,individual genes favored,1000,5,vorinostat,Confirmatory extension,HDAC inhibition
GDSC1_strict_sanger_heldout,GDSC1,AUC,Elastic Net,339,0.0564251064055791,-0.0716062558831181,-0.1280313622886972,-0.2463720706494678,-0.0243288102504454,individual genes favored,0.0064386460454213,-0.1127380648022941,-0.1191767108477155,-0.2201678811499026,-0.0161752096069593,individual genes favored,1000,5,vorinostat,Confirmatory extension,HDAC inhibition
GDSC1_strict_sanger_heldout,GDSC1,AUC,Random forest,339,0.1869585054390105,0.0707187724021275,-0.1162397330368829,-0.2250064605493302,-0.0139225116779913,individual genes favored,0.195342662383066,0.0471583155962285,-0.1481843467868374,-0.2514083244593769,-0.0421951421999928,individual genes favored,1000,5,vorinostat,Confirmatory extension,HDAC inhibition
GDSC1_heldout_all_expression_sources,GDSC1,LN_IC50,Elastic Net,551,0.0506320748829157,-0.0688266531420897,-0.1194587280250055,-0.2067548942083112,-0.0385941279122958,individual genes favored,-0.0094180899980631,-0.1108669110420866,-0.1014488210440234,-0.1811975882706673,-0.0220224026525611,individual genes favored,1000,5,vorinostat,Confirmatory extension,HDAC inhibition
GDSC1_heldout_all_expression_sources,GDSC1,LN_IC50,Random forest,551,0.2389233316124122,0.0326747730210149,-0.2062485585913973,-0.2865303966636837,-0.1194265786635669,individual genes favored,0.2562126353091397,-0.0109390759165871,-0.2671517112257268,-0.351871827117786,-0.1824847225197997,individual genes favored,1000,5,vorinostat,Confirmatory extension,HDAC inhibition
GDSC1_heldout_all_expression_sources,GDSC1,AUC,Elastic Net,551,0.0215154942506479,-0.0718756202108908,-0.0933911144615388,-0.1837251556311621,-0.0105949933614019,individual genes favored,-0.0200573875741555,-0.1079505462579715,-0.0878931586838159,-0.1692165050419027,-0.0066782686951764,individual genes favored,1000,5,vorinostat,Confirmatory extension,HDAC inhibition
GDSC1_heldout_all_expression_sources,GDSC1,AUC,Random forest,551,0.2237498289439913,0.0167952915082685,-0.2069545374357228,-0.2809947767384939,-0.1316850530396456,individual genes favored,0.2359863130635638,-0.0156411268050185,-0.2516274398685824,-0.3322651523574127,-0.1672166539036077,individual genes favored,1000,5,vorinostat,Confirmatory extension,HDAC inhibition
GDSC2_strict_sanger_heldout,GDSC2,LN_IC50,Elastic Net,348,-0.1117659301262736,0.1603219915692495,0.2720879216955232,0.1733722436352726,0.378848969737899,pathway favored,-0.1727711406676619,0.1621290169923749,0.3349001576600369,0.23707016390643,0.4365916766529139,pathway favored,1000,6,bortezomib,Confirmatory extension,Proteasome inhibition
GDSC2_strict_sanger_heldout,GDSC2,LN_IC50,Random forest,348,0.0673574169178226,0.1797202033073289,0.1123627863895062,0.060094210908525,0.1608665029999935,pathway favored,0.0240049294032124,0.1881088967584447,0.1641039673552322,0.0840263782672195,0.2365502684817782,pathway favored,1000,6,bortezomib,Confirmatory extension,Proteasome inhibition
GDSC2_strict_sanger_heldout,GDSC2,AUC,Elastic Net,348,-0.0567589617230146,0.1809016625753309,0.2376606242983455,0.1394218200909125,0.3382417878384592,pathway favored,-0.0787309292431891,0.1550951071288133,0.2338260363720024,0.1248841742146349,0.3368580062921332,pathway favored,1000,6,bortezomib,Confirmatory extension,Proteasome inhibition
GDSC2_strict_sanger_heldout,GDSC2,AUC,Random forest,348,0.1094198147520424,0.1961788242125721,0.0867590094605296,0.0235348682738814,0.1429183020280084,pathway favored,0.0536456997135809,0.158189651613175,0.1045439518995941,0.0244127325974718,0.1750191513244097,pathway favored,1000,6,bortezomib,Confirmatory extension,Proteasome inhibition
GDSC2_heldout_all_expression_sources,GDSC2,LN_IC50,Elastic Net,548,-0.0963698467481652,0.1693186962676546,0.2656885430158199,0.1880567400782306,0.3436773295639359,pathway favored,-0.1587992477962221,0.2040925526532071,0.3628918004494293,0.2850674103129611,0.4468890921894943,pathway favored,1000,6,bortezomib,Confirmatory extension,Proteasome inhibition
GDSC2_heldout_all_expression_sources,GDSC2,LN_IC50,Random forest,548,0.1003868437661617,0.2247775673180202,0.1243907235518584,0.0854593228767245,0.1664697229903023,pathway favored,0.0710190007362636,0.2575482704074724,0.1865292696712087,0.1300790878739302,0.2441819232000542,pathway favored,1000,6,bortezomib,Confirmatory extension,Proteasome inhibition
GDSC2_heldout_all_expression_sources,GDSC2,AUC,Elastic Net,548,-0.0418220607935545,0.2028932564313774,0.244715317224932,0.1703861224303257,0.3179449541171967,pathway favored,-0.0754241865351032,0.1981034191962468,0.27352760573135,0.1909893776589773,0.3541453363962722,pathway favored,1000,6,bortezomib,Confirmatory extension,Proteasome inhibition
GDSC2_heldout_all_expression_sources,GDSC2,AUC,Random forest,548,0.145462285891234,0.2545882835237922,0.1091259976325581,0.0668946324048121,0.1526659722541757,pathway favored,0.0953518697939898,0.2276955019955392,0.1323436322015494,0.0765816866109436,0.1927745601454148,pathway favored,1000,6,bortezomib,Confirmatory extension,Proteasome inhibition
GDSC1_strict_sanger_heldout,GDSC1,LN_IC50,Elastic Net,191,0.1088225997969196,0.2417310013353298,0.1329084015384101,-0.0342434043414867,0.2931892210051168,difference uncertain,0.2516741232408108,0.263043479196893,0.0113693559560822,-0.1334275485926878,0.1708054838334953,difference uncertain,1000,6,bortezomib,Confirmatory extension,Proteasome inhibition
GDSC1_strict_sanger_heldout,GDSC1,LN_IC50,Random forest,191,0.2920022421990629,0.2913299205997426,-0.0006723215993203,-0.0718844227169642,0.072744389209602,difference uncertain,0.3067581921492914,0.2832763344225317,-0.0234818577267596,-0.1086072935135342,0.0616357713946291,difference uncertain,1000,6,bortezomib,Confirmatory extension,Proteasome inhibition
GDSC1_strict_sanger_heldout,GDSC1,AUC,Elastic Net,191,0.1310279773659003,0.2306794534577368,0.0996514760918365,-0.0798335435466939,0.2647910105858171,difference uncertain,0.2548015982364287,0.2560605538715899,0.0012589556351612,-0.151703490046718,0.1596392187731535,difference uncertain,1000,6,bortezomib,Confirmatory extension,Proteasome inhibition
GDSC1_strict_sanger_heldout,GDSC1,AUC,Random forest,191,0.2952184734184622,0.2825373188550132,-0.0126811545634489,-0.0868185948477406,0.0520507122474392,difference uncertain,0.3033480297602645,0.2775299669330394,-0.0258180628272251,-0.1079682979596209,0.0542112401996066,difference uncertain,1000,6,bortezomib,Confirmatory extension,Proteasome inhibition
GDSC1_heldout_all_expression_sources,GDSC1,LN_IC50,Elastic Net,315,0.0944326598669255,0.2094147956145581,0.1149821357476326,-0.0188371805739019,0.243308773069221,difference uncertain,0.2122253652366531,0.2430704402420355,0.0308450750053823,-0.095019343176283,0.1564753198016172,difference uncertain,1000,6,bortezomib,Confirmatory extension,Proteasome inhibition
GDSC1_heldout_all_expression_sources,GDSC1,LN_IC50,Random forest,315,0.2486518776309172,0.2642400533499708,0.0155881757190535,-0.043465400504734,0.0687855384555843,difference uncertain,0.2713926998645405,0.2688453128510888,-0.0025473870134517,-0.0690907448897232,0.0642876774833738,difference uncertain,1000,6,bortezomib,Confirmatory extension,Proteasome inhibition
GDSC1_heldout_all_expression_sources,GDSC1,AUC,Elastic Net,315,0.1156998470773217,0.2173562044353032,0.1016563573579814,-0.0316258675499759,0.2137287930018926,difference uncertain,0.2086949010032135,0.2342248227195417,0.0255299217163281,-0.0856350122845985,0.1381708303761281,difference uncertain,1000,6,bortezomib,Confirmatory extension,Proteasome inhibition
GDSC1_heldout_all_expression_sources,GDSC1,AUC,Random forest,315,0.2659383288628421,0.2695911422219952,0.0036528133591531,-0.0521693554624663,0.0525583435544685,difference uncertain,0.2647477760756806,0.2603955264279379,-0.0043522496477426,-0.0676668118474984,0.0568697558637002,difference uncertain,1000,6,bortezomib,Confirmatory extension,Proteasome inhibition
