validation_scheme,representation,model,n,pearson_r,spearman_rho,rmse,mae,pearson_difference_pathway_minus_gene,rmse_difference_pathway_minus_gene,gene_set_file,n_pathways,panel_order,drug_name,study_role,mechanism_class
Random cell-line folds,Individual genes,Random forest,532,0.2536117020898881,0.2325200382901477,1.2812377082428998,0.9994769444323568,0.0,0.0,not applicable,,2,gemcitabine,Confirmatory extension,Antimetabolite
Random cell-line folds,Individual genes,Elastic Net,532,0.274894362847158,0.273685692910688,1.3135763455482594,1.0413757195778628,0.0,0.0,not applicable,,2,gemcitabine,Confirmatory extension,Antimetabolite
Random cell-line folds,Individual genes,Mean baseline,532,-0.1151798438628809,-0.1002409708145846,1.3294091065691342,1.0552024767786277,0.0,0.0,not applicable,,2,gemcitabine,Confirmatory extension,Antimetabolite
Held-out tissue folds,Individual genes,Mean baseline,532,-0.0620174511064896,-0.0360947833196786,1.3258818138382331,1.0523484453013454,0.0,0.0,not applicable,,2,gemcitabine,Confirmatory extension,Antimetabolite
Held-out tissue folds,Individual genes,Elastic Net,532,0.2077404925759579,0.2167836515000415,1.405957214658033,1.1106584092537055,0.0,0.0,not applicable,,2,gemcitabine,Confirmatory extension,Antimetabolite
Held-out tissue folds,Individual genes,Random forest,532,0.2350585838302564,0.2151603609143698,1.2876448578932154,1.0076421928433177,0.0,0.0,not applicable,,2,gemcitabine,Confirmatory extension,Antimetabolite
Random cell-line folds,Hallmark pathways,Mean baseline,532,-0.1151798438628809,-0.1002409708145846,1.3294091065691342,1.0552024767786277,-9.714451465470121e-17,0.0,h.all.v2026.1.Hs.symbols.gmt,50.0,2,gemcitabine,Confirmatory extension,Antimetabolite
Random cell-line folds,Hallmark pathways,Elastic Net,532,0.2055334518156189,0.1854383948550742,1.2991530720116011,1.031565881953095,-0.069360911031539,-0.0144232735366582,h.all.v2026.1.Hs.symbols.gmt,50.0,2,gemcitabine,Confirmatory extension,Antimetabolite
Random cell-line folds,Hallmark pathways,Random forest,532,0.1605354809561112,0.1278019355954997,1.3120740762214698,1.039191898191693,-0.0930762211337768,0.0308363679785699,h.all.v2026.1.Hs.symbols.gmt,50.0,2,gemcitabine,Confirmatory extension,Antimetabolite
Held-out tissue folds,Hallmark pathways,Mean baseline,532,-0.0620174511064896,-0.0360947833196786,1.3258818138382331,1.0523484453013454,-6.938893903907228e-18,0.0,h.all.v2026.1.Hs.symbols.gmt,50.0,2,gemcitabine,Confirmatory extension,Antimetabolite
Held-out tissue folds,Hallmark pathways,Elastic Net,532,0.154838612728207,0.1494533548231248,1.3200636010348437,1.0540970913876615,-0.0529018798477508,-0.0858936136231893,h.all.v2026.1.Hs.symbols.gmt,50.0,2,gemcitabine,Confirmatory extension,Antimetabolite
Held-out tissue folds,Hallmark pathways,Random forest,532,0.1308550142355769,0.1302300174387378,1.3237918020806985,1.0477344559832864,-0.1042035695946794,0.0361469441874831,h.all.v2026.1.Hs.symbols.gmt,50.0,2,gemcitabine,Confirmatory extension,Antimetabolite
Random cell-line folds,Individual genes,Random forest,556,0.259071934052,0.228128243196117,1.1494715506056148,0.9424260393419124,0.0,0.0,not applicable,,3,docetaxel,Confirmatory extension,Microtubule stabilization
Random cell-line folds,Individual genes,Mean baseline,556,-0.0861166584094699,-0.0825749672037024,1.1923841298025784,0.973294401897092,0.0,0.0,not applicable,,3,docetaxel,Confirmatory extension,Microtubule stabilization
Random cell-line folds,Individual genes,Elastic Net,556,0.2259451800324773,0.25034386387731,1.245130812019931,0.9800860378259684,0.0,0.0,not applicable,,3,docetaxel,Confirmatory extension,Microtubule stabilization
Held-out tissue folds,Individual genes,Mean baseline,556,-0.1188957398611339,-0.1196472857515462,1.194654584539049,0.974853800764939,0.0,0.0,not applicable,,3,docetaxel,Confirmatory extension,Microtubule stabilization
Held-out tissue folds,Individual genes,Elastic Net,556,0.1054679022708545,0.1951700922730203,1.3902628844303664,1.025553745170136,0.0,0.0,not applicable,,3,docetaxel,Confirmatory extension,Microtubule stabilization
Held-out tissue folds,Individual genes,Random forest,556,0.2297325368746562,0.1993212436698222,1.158777567061537,0.9474215271592058,0.0,0.0,not applicable,,3,docetaxel,Confirmatory extension,Microtubule stabilization
Random cell-line folds,Hallmark pathways,Mean baseline,556,-0.0861166584094699,-0.0825749672037024,1.1923841298025784,0.973294401897092,-1.3877787807814457e-17,0.0,h.all.v2026.1.Hs.symbols.gmt,50.0,3,docetaxel,Confirmatory extension,Microtubule stabilization
Random cell-line folds,Hallmark pathways,Elastic Net,556,0.1149334495379999,0.1063909006716699,1.1937542836823942,0.9721126280166004,-0.1110117304944773,-0.0513765283375367,h.all.v2026.1.Hs.symbols.gmt,50.0,3,docetaxel,Confirmatory extension,Microtubule stabilization
Random cell-line folds,Hallmark pathways,Random forest,556,0.1309590051393671,0.1154714483544417,1.1860794335940177,0.963871337477544,-0.1281129289126328,0.0366078829884026,h.all.v2026.1.Hs.symbols.gmt,50.0,3,docetaxel,Confirmatory extension,Microtubule stabilization
Held-out tissue folds,Hallmark pathways,Mean baseline,556,-0.1188957398611339,-0.1196472857515462,1.194654584539049,0.974853800764939,-6.938893903907227e-17,0.0,h.all.v2026.1.Hs.symbols.gmt,50.0,3,docetaxel,Confirmatory extension,Microtubule stabilization
Held-out tissue folds,Hallmark pathways,Elastic Net,556,0.1420770018777032,0.129266776301895,1.1854276842622942,0.9647350517284026,0.0366090996068487,-0.2048352001680722,h.all.v2026.1.Hs.symbols.gmt,50.0,3,docetaxel,Confirmatory extension,Microtubule stabilization
Held-out tissue folds,Hallmark pathways,Random forest,556,0.1274423863535961,0.1244987260228209,1.1866066100741466,0.959670303218745,-0.10229015052106,0.0278290430126095,h.all.v2026.1.Hs.symbols.gmt,50.0,3,docetaxel,Confirmatory extension,Microtubule stabilization
Random cell-line folds,Individual genes,Random forest,553,0.3026022009582149,0.2785513329925411,1.211853201970028,0.9517739204527494,0.0,0.0,not applicable,,4,talazoparib,Confirmatory extension,PARP inhibition
Random cell-line folds,Individual genes,Elastic Net,553,0.2757465633165028,0.2795219097157867,1.2451195485021411,0.9913000988180116,0.0,0.0,not applicable,,4,talazoparib,Confirmatory extension,PARP inhibition
Random cell-line folds,Individual genes,Mean baseline,553,-0.0550654825394521,-0.0487584369764053,1.2721882813950427,1.0160178174460048,0.0,0.0,not applicable,,4,talazoparib,Confirmatory extension,PARP inhibition
Held-out tissue folds,Individual genes,Mean baseline,553,-0.1650076845051347,-0.1504965814115513,1.2808298153877251,1.0241284000454445,0.0,0.0,not applicable,,4,talazoparib,Confirmatory extension,PARP inhibition
Held-out tissue folds,Individual genes,Elastic Net,553,0.3302521693553654,0.3155218762231552,1.2080888206691651,0.9715705221607976,0.0,0.0,not applicable,,4,talazoparib,Confirmatory extension,PARP inhibition
Held-out tissue folds,Individual genes,Random forest,553,0.2752429437241152,0.248133566343652,1.223240999451182,0.9636594111319082,0.0,0.0,not applicable,,4,talazoparib,Confirmatory extension,PARP inhibition
Random cell-line folds,Hallmark pathways,Mean baseline,553,-0.0550654825394521,-0.0487584369764053,1.2721882813950427,1.0160178174460048,-6.938893903907228e-18,0.0,h.all.v2026.1.Hs.symbols.gmt,50.0,4,talazoparib,Confirmatory extension,PARP inhibition
Random cell-line folds,Hallmark pathways,Elastic Net,553,0.1833771192849567,0.1920203521665049,1.2512608406925605,0.9809170856058632,-0.0923694440315461,0.0061412921904191,h.all.v2026.1.Hs.symbols.gmt,50.0,4,talazoparib,Confirmatory extension,PARP inhibition
Random cell-line folds,Hallmark pathways,Random forest,553,0.1965242822799424,0.1955873883780001,1.2516599335829206,0.9891839759543246,-0.1060779186782724,0.0398067316128925,h.all.v2026.1.Hs.symbols.gmt,50.0,4,talazoparib,Confirmatory extension,PARP inhibition
Held-out tissue folds,Hallmark pathways,Mean baseline,553,-0.1650076845051347,-0.1504965814115513,1.2808298153877251,1.0241284000454445,-5.551115123125783e-17,2.220446049250313e-16,h.all.v2026.1.Hs.symbols.gmt,50.0,4,talazoparib,Confirmatory extension,PARP inhibition
Held-out tissue folds,Hallmark pathways,Elastic Net,553,0.1613758085400651,0.1560710503601451,1.259354489268144,0.9920363377578872,-0.1688763608153002,0.0512656685989789,h.all.v2026.1.Hs.symbols.gmt,50.0,4,talazoparib,Confirmatory extension,PARP inhibition
Held-out tissue folds,Hallmark pathways,Random forest,553,0.1247397634437073,0.0991217266984241,1.278196167244529,1.0130774733573953,-0.1505031802804078,0.054955167793347,h.all.v2026.1.Hs.symbols.gmt,50.0,4,talazoparib,Confirmatory extension,PARP inhibition
Random cell-line folds,Individual genes,Random forest,522,0.2472511123195088,0.2453736542290247,1.4409222979131149,1.167201021436873,0.0,0.0,not applicable,,5,vorinostat,Confirmatory extension,HDAC inhibition
Random cell-line folds,Individual genes,Elastic Net,522,0.2924609538126389,0.2887795889491534,1.4439255869833365,1.1847591417185546,0.0,0.0,not applicable,,5,vorinostat,Confirmatory extension,HDAC inhibition
Random cell-line folds,Individual genes,Mean baseline,522,-0.0868577141188016,-0.0827821921814534,1.489080621990783,1.2114691608649988,0.0,0.0,not applicable,,5,vorinostat,Confirmatory extension,HDAC inhibition
Held-out tissue folds,Individual genes,Mean baseline,522,-0.0835105815755605,-0.0847984169769325,1.4888375280560282,1.212295440164862,0.0,0.0,not applicable,,5,vorinostat,Confirmatory extension,HDAC inhibition
Held-out tissue folds,Individual genes,Elastic Net,522,0.1302623829041314,0.1896453647788467,1.6641255137104725,1.2519830083172845,0.0,0.0,not applicable,,5,vorinostat,Confirmatory extension,HDAC inhibition
Held-out tissue folds,Individual genes,Random forest,522,0.2013957404812784,0.204244271950995,1.458011473909931,1.1807372595103194,0.0,0.0,not applicable,,5,vorinostat,Confirmatory extension,HDAC inhibition
Random cell-line folds,Hallmark pathways,Mean baseline,522,-0.0868577141188016,-0.0827821921814534,1.489080621990783,1.2114691608649988,0.0,0.0,h.all.v2026.1.Hs.symbols.gmt,50.0,5,vorinostat,Confirmatory extension,HDAC inhibition
Random cell-line folds,Hallmark pathways,Elastic Net,522,0.1633989557540331,0.1926791088221849,1.472800882880377,1.2020313503760456,-0.1290619980586058,0.0288752958970404,h.all.v2026.1.Hs.symbols.gmt,50.0,5,vorinostat,Confirmatory extension,HDAC inhibition
Random cell-line folds,Hallmark pathways,Random forest,522,0.1480652032077737,0.1107017917515554,1.479066932175963,1.1942291251171142,-0.099185909111735,0.0381446342628482,h.all.v2026.1.Hs.symbols.gmt,50.0,5,vorinostat,Confirmatory extension,HDAC inhibition
Held-out tissue folds,Hallmark pathways,Mean baseline,522,-0.0835105815755605,-0.0847984169769325,1.4888375280560282,1.212295440164862,-4.163336342344337e-17,0.0,h.all.v2026.1.Hs.symbols.gmt,50.0,5,vorinostat,Confirmatory extension,HDAC inhibition
Held-out tissue folds,Hallmark pathways,Elastic Net,522,0.0991605558467519,0.0983104250181842,1.499788826611478,1.2119048779001056,-0.0311018270573794,-0.1643366870989944,h.all.v2026.1.Hs.symbols.gmt,50.0,5,vorinostat,Confirmatory extension,HDAC inhibition
Held-out tissue folds,Hallmark pathways,Random forest,522,0.1187939385911963,0.1142570910571622,1.4885173466554764,1.1983339192491405,-0.082601801890082,0.0305058727455453,h.all.v2026.1.Hs.symbols.gmt,50.0,5,vorinostat,Confirmatory extension,HDAC inhibition
Random cell-line folds,Individual genes,Random forest,552,0.1924135112256967,0.1582666599506946,1.153897480341638,0.9388240207629752,0.0,0.0,not applicable,,6,bortezomib,Confirmatory extension,Proteasome inhibition
Random cell-line folds,Individual genes,Elastic Net,552,0.226138749560649,0.1930028405601171,1.1619525761622116,0.9378392938204896,0.0,0.0,not applicable,,6,bortezomib,Confirmatory extension,Proteasome inhibition
Random cell-line folds,Individual genes,Mean baseline,552,-0.0976143663907027,-0.1043291134797692,1.1744119276473648,0.9526877826837096,0.0,0.0,not applicable,,6,bortezomib,Confirmatory extension,Proteasome inhibition
Held-out tissue folds,Individual genes,Mean baseline,552,-0.1002763616972481,-0.0969978780848856,1.174594820081492,0.9524676891669358,0.0,0.0,not applicable,,6,bortezomib,Confirmatory extension,Proteasome inhibition
Held-out tissue folds,Individual genes,Elastic Net,552,0.2353756166706314,0.228208894505826,1.1577911311893736,0.93162379105586,0.0,0.0,not applicable,,6,bortezomib,Confirmatory extension,Proteasome inhibition
Held-out tissue folds,Individual genes,Random forest,552,0.1746435995519811,0.1888497551928328,1.1554509573926948,0.9324985791477534,0.0,0.0,not applicable,,6,bortezomib,Confirmatory extension,Proteasome inhibition
Random cell-line folds,Hallmark pathways,Mean baseline,552,-0.0976143663907027,-0.1043291134797692,1.1744119276473648,0.9526877826837096,-8.326672684688674e-17,0.0,h.all.v2026.1.Hs.symbols.gmt,50.0,6,bortezomib,Confirmatory extension,Proteasome inhibition
Random cell-line folds,Hallmark pathways,Elastic Net,552,0.2033961133341868,0.1641789032199423,1.146857606263322,0.933374384556592,-0.0227426362264621,-0.0150949698988895,h.all.v2026.1.Hs.symbols.gmt,50.0,6,bortezomib,Confirmatory extension,Proteasome inhibition
Random cell-line folds,Hallmark pathways,Random forest,552,0.0870464793499208,0.0608636863637278,1.1801483197095763,0.954635548745448,-0.1053670318757759,0.0262508393679383,h.all.v2026.1.Hs.symbols.gmt,50.0,6,bortezomib,Confirmatory extension,Proteasome inhibition
Held-out tissue folds,Hallmark pathways,Mean baseline,552,-0.1002763616972481,-0.0969978780848856,1.174594820081492,0.9524676891669358,0.0,0.0,h.all.v2026.1.Hs.symbols.gmt,50.0,6,bortezomib,Confirmatory extension,Proteasome inhibition
Held-out tissue folds,Hallmark pathways,Elastic Net,552,0.1867077255050842,0.1727039544851158,1.1512045966271542,0.932590129129507,-0.0486678911655471,-0.0065865345622193,h.all.v2026.1.Hs.symbols.gmt,50.0,6,bortezomib,Confirmatory extension,Proteasome inhibition
Held-out tissue folds,Hallmark pathways,Random forest,552,0.0599172726089027,0.0697427530643167,1.1829656680989102,0.9561428570153168,-0.1147263269430783,0.0275147107062154,h.all.v2026.1.Hs.symbols.gmt,50.0,6,bortezomib,Confirmatory extension,Proteasome inhibition
