cohort,dataset,outcome,representation,model,n,pearson_r,spearman_rho,prediction_sd,pearson_ci_2_5,pearson_ci_97_5,spearman_ci_2_5,spearman_ci_97_5,successful_bootstraps,metric_note,panel_order,drug_name,study_role,mechanism_class
GDSC2_strict_sanger_heldout,GDSC2,LN_IC50,Hallmark pathways,Mean baseline,349,,,0.0,,,,,0,Correlations only; PRISM and GDSC outcomes use different measurement scales.,2,gemcitabine,Confirmatory extension,Antimetabolite
GDSC2_strict_sanger_heldout,GDSC2,LN_IC50,Hallmark pathways,Elastic Net,349,0.220755884059986,0.2286998743771789,0.4608841239561558,0.1249862108722263,0.3127111110866461,0.11755320045177,0.3307666674978953,1000,Correlations only; PRISM and GDSC outcomes use different measurement scales.,2,gemcitabine,Confirmatory extension,Antimetabolite
GDSC2_strict_sanger_heldout,GDSC2,LN_IC50,Hallmark pathways,Random forest,349,0.29998747203595,0.3136127147232769,0.2849698271429315,0.1985135934879721,0.3906134391560288,0.208027838979,0.4045716838141567,1000,Correlations only; PRISM and GDSC outcomes use different measurement scales.,2,gemcitabine,Confirmatory extension,Antimetabolite
GDSC2_strict_sanger_heldout,GDSC2,AUC,Hallmark pathways,Mean baseline,349,,,0.0,,,,,0,Correlations only; PRISM and GDSC outcomes use different measurement scales.,2,gemcitabine,Confirmatory extension,Antimetabolite
GDSC2_strict_sanger_heldout,GDSC2,AUC,Hallmark pathways,Elastic Net,349,0.1877522464421916,0.1642768218837777,0.4608841239561558,0.0985508726463694,0.272963729295237,0.0653509796948826,0.2671422796927297,1000,Correlations only; PRISM and GDSC outcomes use different measurement scales.,2,gemcitabine,Confirmatory extension,Antimetabolite
GDSC2_strict_sanger_heldout,GDSC2,AUC,Hallmark pathways,Random forest,349,0.2285293823079664,0.2280045732352816,0.2849698271429315,0.1361241560366897,0.318821878577547,0.1259031300373988,0.323933463971974,1000,Correlations only; PRISM and GDSC outcomes use different measurement scales.,2,gemcitabine,Confirmatory extension,Antimetabolite
GDSC2_heldout_all_expression_sources,GDSC2,LN_IC50,Hallmark pathways,Mean baseline,562,,,4.440892098500626e-16,,,,,0,Correlations only; PRISM and GDSC outcomes use different measurement scales.,2,gemcitabine,Confirmatory extension,Antimetabolite
GDSC2_heldout_all_expression_sources,GDSC2,LN_IC50,Hallmark pathways,Elastic Net,562,0.2808418696934526,0.3091166527700601,0.4636468414184106,0.2047937157918677,0.3491093336721515,0.2249705449190813,0.3837317798011759,1000,Correlations only; PRISM and GDSC outcomes use different measurement scales.,2,gemcitabine,Confirmatory extension,Antimetabolite
GDSC2_heldout_all_expression_sources,GDSC2,LN_IC50,Hallmark pathways,Random forest,562,0.3486951725075957,0.3743454434651262,0.3101972065885077,0.2653864893436652,0.4188246759128005,0.2948159183297626,0.4398354853986099,1000,Correlations only; PRISM and GDSC outcomes use different measurement scales.,2,gemcitabine,Confirmatory extension,Antimetabolite
GDSC2_heldout_all_expression_sources,GDSC2,AUC,Hallmark pathways,Mean baseline,562,,,4.440892098500626e-16,,,,,0,Correlations only; PRISM and GDSC outcomes use different measurement scales.,2,gemcitabine,Confirmatory extension,Antimetabolite
GDSC2_heldout_all_expression_sources,GDSC2,AUC,Hallmark pathways,Elastic Net,562,0.2458289938593631,0.2363857564576968,0.4636468414184106,0.169755995892112,0.318381844760854,0.1515219480111813,0.317188323536048,1000,Correlations only; PRISM and GDSC outcomes use different measurement scales.,2,gemcitabine,Confirmatory extension,Antimetabolite
GDSC2_heldout_all_expression_sources,GDSC2,AUC,Hallmark pathways,Random forest,562,0.290011690537797,0.2901091912607645,0.3101972065885077,0.2117027920413606,0.3610760418788808,0.2083299608854341,0.3647704460692384,1000,Correlations only; PRISM and GDSC outcomes use different measurement scales.,2,gemcitabine,Confirmatory extension,Antimetabolite
GDSC1_strict_sanger_heldout,GDSC1,LN_IC50,Hallmark pathways,Mean baseline,335,,,0.0,,,,,0,Correlations only; PRISM and GDSC outcomes use different measurement scales.,2,gemcitabine,Confirmatory extension,Antimetabolite
GDSC1_strict_sanger_heldout,GDSC1,LN_IC50,Hallmark pathways,Elastic Net,335,-0.0102038681104755,-0.0204425902991458,0.4580776292126287,-0.11111264859607,0.0907729175842544,-0.1320693491116617,0.0889985942752502,1000,Correlations only; PRISM and GDSC outcomes use different measurement scales.,2,gemcitabine,Confirmatory extension,Antimetabolite
GDSC1_strict_sanger_heldout,GDSC1,LN_IC50,Hallmark pathways,Random forest,335,0.0746900178354087,0.0556563844592265,0.2835370046488333,-0.0377871329991841,0.1922627902356573,-0.0502500059851691,0.1750355224651441,1000,Correlations only; PRISM and GDSC outcomes use different measurement scales.,2,gemcitabine,Confirmatory extension,Antimetabolite
GDSC1_strict_sanger_heldout,GDSC1,AUC,Hallmark pathways,Mean baseline,335,,,0.0,,,,,0,Correlations only; PRISM and GDSC outcomes use different measurement scales.,2,gemcitabine,Confirmatory extension,Antimetabolite
GDSC1_strict_sanger_heldout,GDSC1,AUC,Hallmark pathways,Elastic Net,335,-0.0481218083380078,-0.0562002859951738,0.4580776292126287,-0.148607159406571,0.0552990426917689,-0.1625285366205937,0.0510558753941108,1000,Correlations only; PRISM and GDSC outcomes use different measurement scales.,2,gemcitabine,Confirmatory extension,Antimetabolite
GDSC1_strict_sanger_heldout,GDSC1,AUC,Hallmark pathways,Random forest,335,0.0326491152169202,0.0163333248215722,0.2835370046488333,-0.0790449074924544,0.1431921450852814,-0.0949782679104283,0.1276845362225448,1000,Correlations only; PRISM and GDSC outcomes use different measurement scales.,2,gemcitabine,Confirmatory extension,Antimetabolite
GDSC1_heldout_all_expression_sources,GDSC1,LN_IC50,Hallmark pathways,Mean baseline,536,,,0.0,,,,,0,Correlations only; PRISM and GDSC outcomes use different measurement scales.,2,gemcitabine,Confirmatory extension,Antimetabolite
GDSC1_heldout_all_expression_sources,GDSC1,LN_IC50,Hallmark pathways,Elastic Net,536,0.0672317574329877,0.0736297107892376,0.462004154948033,-0.0113965252155653,0.1539743185720681,-0.0138092388721919,0.160773433535625,1000,Correlations only; PRISM and GDSC outcomes use different measurement scales.,2,gemcitabine,Confirmatory extension,Antimetabolite
GDSC1_heldout_all_expression_sources,GDSC1,LN_IC50,Hallmark pathways,Random forest,536,0.1140651815936232,0.0933892901700446,0.3062797939085133,0.027739330223419,0.2012149162592643,0.0101664035299055,0.1803106654731609,1000,Correlations only; PRISM and GDSC outcomes use different measurement scales.,2,gemcitabine,Confirmatory extension,Antimetabolite
GDSC1_heldout_all_expression_sources,GDSC1,AUC,Hallmark pathways,Mean baseline,536,,,0.0,,,,,0,Correlations only; PRISM and GDSC outcomes use different measurement scales.,2,gemcitabine,Confirmatory extension,Antimetabolite
GDSC1_heldout_all_expression_sources,GDSC1,AUC,Hallmark pathways,Elastic Net,536,0.0090283541322216,0.0221750070718822,0.462004154948033,-0.0707843347923907,0.0942147439833287,-0.0607478490208622,0.1097025533744129,1000,Correlations only; PRISM and GDSC outcomes use different measurement scales.,2,gemcitabine,Confirmatory extension,Antimetabolite
GDSC1_heldout_all_expression_sources,GDSC1,AUC,Hallmark pathways,Random forest,536,0.0530065985176523,0.0344036357657231,0.3062797939085133,-0.0373125912122494,0.1440749935100244,-0.0561840284912046,0.1268818986825548,1000,Correlations only; PRISM and GDSC outcomes use different measurement scales.,2,gemcitabine,Confirmatory extension,Antimetabolite
GDSC2_strict_sanger_heldout,GDSC2,LN_IC50,Hallmark pathways,Mean baseline,351,,,4.440892098500626e-16,,,,,0,Correlations only; PRISM and GDSC outcomes use different measurement scales.,3,docetaxel,Confirmatory extension,Microtubule stabilization
GDSC2_strict_sanger_heldout,GDSC2,LN_IC50,Hallmark pathways,Elastic Net,351,0.2196621803603547,0.1930555555555555,0.371016605906916,0.1093145430402503,0.3222080141807512,0.0860463066163304,0.2852549599389544,1000,Correlations only; PRISM and GDSC outcomes use different measurement scales.,3,docetaxel,Confirmatory extension,Microtubule stabilization
GDSC2_strict_sanger_heldout,GDSC2,LN_IC50,Hallmark pathways,Random forest,351,0.1396942378243766,0.1443575868575868,0.2884051384597536,0.038700633632977,0.2386267717586127,0.034679803055967,0.246047190382374,1000,Correlations only; PRISM and GDSC outcomes use different measurement scales.,3,docetaxel,Confirmatory extension,Microtubule stabilization
GDSC2_strict_sanger_heldout,GDSC2,AUC,Hallmark pathways,Mean baseline,351,,,4.440892098500626e-16,,,,,0,Correlations only; PRISM and GDSC outcomes use different measurement scales.,3,docetaxel,Confirmatory extension,Microtubule stabilization
GDSC2_strict_sanger_heldout,GDSC2,AUC,Hallmark pathways,Elastic Net,351,0.138694910074643,0.1512101787101787,0.371016605906916,0.022812405709879,0.2482088819969917,0.0369662152430602,0.2572399320909532,1000,Correlations only; PRISM and GDSC outcomes use different measurement scales.,3,docetaxel,Confirmatory extension,Microtubule stabilization
GDSC2_strict_sanger_heldout,GDSC2,AUC,Hallmark pathways,Random forest,351,0.0721242814212978,0.108561161061161,0.2884051384597536,-0.0316417170001513,0.1845438091078378,0.005065976997092,0.2202338474241255,1000,Correlations only; PRISM and GDSC outcomes use different measurement scales.,3,docetaxel,Confirmatory extension,Microtubule stabilization
GDSC2_heldout_all_expression_sources,GDSC2,LN_IC50,Hallmark pathways,Mean baseline,554,,,0.0,,,,,0,Correlations only; PRISM and GDSC outcomes use different measurement scales.,3,docetaxel,Confirmatory extension,Microtubule stabilization
GDSC2_heldout_all_expression_sources,GDSC2,LN_IC50,Hallmark pathways,Elastic Net,554,0.2068432903966636,0.2158960509003921,0.3784132438187177,0.1254973931164278,0.2894283266660769,0.1365002230150649,0.2962877729620188,1000,Correlations only; PRISM and GDSC outcomes use different measurement scales.,3,docetaxel,Confirmatory extension,Microtubule stabilization
GDSC2_heldout_all_expression_sources,GDSC2,LN_IC50,Hallmark pathways,Random forest,554,0.175384775604205,0.1871780725045816,0.2952745518700707,0.1005736555475628,0.2615432413855495,0.1029387422767749,0.2693165819981422,1000,Correlations only; PRISM and GDSC outcomes use different measurement scales.,3,docetaxel,Confirmatory extension,Microtubule stabilization
GDSC2_heldout_all_expression_sources,GDSC2,AUC,Hallmark pathways,Mean baseline,554,,,0.0,,,,,0,Correlations only; PRISM and GDSC outcomes use different measurement scales.,3,docetaxel,Confirmatory extension,Microtubule stabilization
GDSC2_heldout_all_expression_sources,GDSC2,AUC,Hallmark pathways,Elastic Net,554,0.152095988688468,0.1710709305737409,0.3784132438187177,0.0627505605517395,0.2344744488912964,0.090690852536108,0.2492539659149638,1000,Correlations only; PRISM and GDSC outcomes use different measurement scales.,3,docetaxel,Confirmatory extension,Microtubule stabilization
GDSC2_heldout_all_expression_sources,GDSC2,AUC,Hallmark pathways,Random forest,554,0.1238428569901469,0.1513520923930831,0.2952745518700707,0.0289343176970757,0.2098750972058892,0.0572969411370617,0.2339205156325252,1000,Correlations only; PRISM and GDSC outcomes use different measurement scales.,3,docetaxel,Confirmatory extension,Microtubule stabilization
GDSC1_strict_sanger_heldout,GDSC1,LN_IC50,Hallmark pathways,Mean baseline,336,,,4.440892098500626e-16,,,,,0,Correlations only; PRISM and GDSC outcomes use different measurement scales.,3,docetaxel,Confirmatory extension,Microtubule stabilization
GDSC1_strict_sanger_heldout,GDSC1,LN_IC50,Hallmark pathways,Elastic Net,336,0.0910339101251779,0.0724231745047547,0.363414263325943,-0.0079109609353593,0.1818090430044648,-0.0202102645925278,0.1706666783027548,1000,Correlations only; PRISM and GDSC outcomes use different measurement scales.,3,docetaxel,Confirmatory extension,Microtubule stabilization
GDSC1_strict_sanger_heldout,GDSC1,LN_IC50,Hallmark pathways,Random forest,336,0.0295247354695891,0.0170392210207968,0.2856446443940386,-0.0777028435898328,0.1313447498595546,-0.087465908507176,0.1206033071906045,1000,Correlations only; PRISM and GDSC outcomes use different measurement scales.,3,docetaxel,Confirmatory extension,Microtubule stabilization
GDSC1_strict_sanger_heldout,GDSC1,AUC,Hallmark pathways,Mean baseline,336,,,4.440892098500626e-16,,,,,0,Correlations only; PRISM and GDSC outcomes use different measurement scales.,3,docetaxel,Confirmatory extension,Microtubule stabilization
GDSC1_strict_sanger_heldout,GDSC1,AUC,Hallmark pathways,Elastic Net,336,0.0382804230818733,0.0418293230751709,0.363414263325943,-0.0552736320691085,0.139461334407571,-0.0648630157848284,0.1508437464331472,1000,Correlations only; PRISM and GDSC outcomes use different measurement scales.,3,docetaxel,Confirmatory extension,Microtubule stabilization
GDSC1_strict_sanger_heldout,GDSC1,AUC,Hallmark pathways,Random forest,336,-0.0213312220697389,-0.0136656691109944,0.2856446443940386,-0.1211693013162874,0.0845803087675388,-0.1174966372631216,0.0947165057993888,1000,Correlations only; PRISM and GDSC outcomes use different measurement scales.,3,docetaxel,Confirmatory extension,Microtubule stabilization
GDSC1_heldout_all_expression_sources,GDSC1,LN_IC50,Hallmark pathways,Mean baseline,527,,,8.881784197001252e-16,,,,,0,Correlations only; PRISM and GDSC outcomes use different measurement scales.,3,docetaxel,Confirmatory extension,Microtubule stabilization
GDSC1_heldout_all_expression_sources,GDSC1,LN_IC50,Hallmark pathways,Elastic Net,527,0.1106429706121235,0.0901849717731277,0.3744924666180781,0.0264747648460297,0.1869583960140889,0.0063383913694683,0.1680771675767719,1000,Correlations only; PRISM and GDSC outcomes use different measurement scales.,3,docetaxel,Confirmatory extension,Microtubule stabilization
GDSC1_heldout_all_expression_sources,GDSC1,LN_IC50,Hallmark pathways,Random forest,527,0.0565102254925883,0.0376623938827674,0.2902145202867388,-0.0316128682185643,0.1403702717850295,-0.0515729649931539,0.1180413595474857,1000,Correlations only; PRISM and GDSC outcomes use different measurement scales.,3,docetaxel,Confirmatory extension,Microtubule stabilization
GDSC1_heldout_all_expression_sources,GDSC1,AUC,Hallmark pathways,Mean baseline,527,,,8.881784197001252e-16,,,,,0,Correlations only; PRISM and GDSC outcomes use different measurement scales.,3,docetaxel,Confirmatory extension,Microtubule stabilization
GDSC1_heldout_all_expression_sources,GDSC1,AUC,Hallmark pathways,Elastic Net,527,0.0548769886997998,0.0490202910775273,0.3744924666180781,-0.0199540124020912,0.1270741074174051,-0.034696238893122,0.1341956373814289,1000,Correlations only; PRISM and GDSC outcomes use different measurement scales.,3,docetaxel,Confirmatory extension,Microtubule stabilization
GDSC1_heldout_all_expression_sources,GDSC1,AUC,Hallmark pathways,Random forest,527,-0.0139990014837305,-0.0051736967659291,0.2902145202867388,-0.0945255825447875,0.0598913079283375,-0.092724157010378,0.0721348852029639,1000,Correlations only; PRISM and GDSC outcomes use different measurement scales.,3,docetaxel,Confirmatory extension,Microtubule stabilization
GDSC2_strict_sanger_heldout,GDSC2,LN_IC50,Hallmark pathways,Mean baseline,347,,,2.220446049250313e-16,,,,,0,Correlations only; PRISM and GDSC outcomes use different measurement scales.,4,talazoparib,Confirmatory extension,PARP inhibition
GDSC2_strict_sanger_heldout,GDSC2,LN_IC50,Hallmark pathways,Elastic Net,347,0.3706625058930086,0.3308951294704632,0.5718768670620368,0.2913545041536219,0.445416973473025,0.2305696025722887,0.4145488951431481,1000,Correlations only; PRISM and GDSC outcomes use different measurement scales.,4,talazoparib,Confirmatory extension,PARP inhibition
GDSC2_strict_sanger_heldout,GDSC2,LN_IC50,Hallmark pathways,Random forest,347,0.2995615428390185,0.2593165944721664,0.3688108365275729,0.1991951358485405,0.3987603437120378,0.1680648052817118,0.3550180439137734,1000,Correlations only; PRISM and GDSC outcomes use different measurement scales.,4,talazoparib,Confirmatory extension,PARP inhibition
GDSC2_strict_sanger_heldout,GDSC2,AUC,Hallmark pathways,Mean baseline,347,,,2.220446049250313e-16,,,,,0,Correlations only; PRISM and GDSC outcomes use different measurement scales.,4,talazoparib,Confirmatory extension,PARP inhibition
GDSC2_strict_sanger_heldout,GDSC2,AUC,Hallmark pathways,Elastic Net,347,0.3151400969302504,0.2123451733845559,0.5718768670620368,0.2288999073945634,0.399913867625231,0.1128503281863187,0.3099836011561841,1000,Correlations only; PRISM and GDSC outcomes use different measurement scales.,4,talazoparib,Confirmatory extension,PARP inhibition
GDSC2_strict_sanger_heldout,GDSC2,AUC,Hallmark pathways,Random forest,347,0.2659170723132957,0.1365932199398127,0.3688108365275729,0.1489036595949506,0.3752505198733574,0.0222210994706067,0.2436055438629318,1000,Correlations only; PRISM and GDSC outcomes use different measurement scales.,4,talazoparib,Confirmatory extension,PARP inhibition
GDSC2_heldout_all_expression_sources,GDSC2,LN_IC50,Hallmark pathways,Mean baseline,546,,,0.0,,,,,0,Correlations only; PRISM and GDSC outcomes use different measurement scales.,4,talazoparib,Confirmatory extension,PARP inhibition
GDSC2_heldout_all_expression_sources,GDSC2,LN_IC50,Hallmark pathways,Elastic Net,546,0.4056795688398258,0.3920468408367373,0.6058572911648021,0.3402959991875544,0.4669420336526164,0.320784946642604,0.459544715887092,1000,Correlations only; PRISM and GDSC outcomes use different measurement scales.,4,talazoparib,Confirmatory extension,PARP inhibition
GDSC2_heldout_all_expression_sources,GDSC2,LN_IC50,Hallmark pathways,Random forest,546,0.3142492302537467,0.298301470429676,0.3925845675173162,0.24241984677751,0.3882016347125139,0.2250212681643259,0.3728719086467556,1000,Correlations only; PRISM and GDSC outcomes use different measurement scales.,4,talazoparib,Confirmatory extension,PARP inhibition
GDSC2_heldout_all_expression_sources,GDSC2,AUC,Hallmark pathways,Mean baseline,546,,,0.0,,,,,0,Correlations only; PRISM and GDSC outcomes use different measurement scales.,4,talazoparib,Confirmatory extension,PARP inhibition
GDSC2_heldout_all_expression_sources,GDSC2,AUC,Hallmark pathways,Elastic Net,546,0.3467140948033061,0.2816514314392649,0.6058572911648021,0.2827282001579682,0.4123809436489835,0.1988483691436405,0.3613850966589665,1000,Correlations only; PRISM and GDSC outcomes use different measurement scales.,4,talazoparib,Confirmatory extension,PARP inhibition
GDSC2_heldout_all_expression_sources,GDSC2,AUC,Hallmark pathways,Random forest,546,0.2805210941312899,0.2027945554604729,0.3925845675173162,0.1962718870228459,0.3517005943228726,0.1152629905407392,0.2800072298563104,1000,Correlations only; PRISM and GDSC outcomes use different measurement scales.,4,talazoparib,Confirmatory extension,PARP inhibition
GDSC1_strict_sanger_heldout,GDSC1,LN_IC50,Hallmark pathways,Mean baseline,323,,,2.220446049250313e-16,,,,,0,Correlations only; PRISM and GDSC outcomes use different measurement scales.,4,talazoparib,Confirmatory extension,PARP inhibition
GDSC1_strict_sanger_heldout,GDSC1,LN_IC50,Hallmark pathways,Elastic Net,323,0.0349837225207667,0.0163740553429609,0.5856804163025046,-0.0745464109854617,0.1310135219785773,-0.0992647349659123,0.1251945212808645,1000,Correlations only; PRISM and GDSC outcomes use different measurement scales.,4,talazoparib,Confirmatory extension,PARP inhibition
GDSC1_strict_sanger_heldout,GDSC1,LN_IC50,Hallmark pathways,Random forest,323,0.0087575190284106,-0.031698313701275,0.3642550042149874,-0.1067750055595492,0.1177661580528824,-0.1370659216234637,0.076254872137239,1000,Correlations only; PRISM and GDSC outcomes use different measurement scales.,4,talazoparib,Confirmatory extension,PARP inhibition
GDSC1_strict_sanger_heldout,GDSC1,AUC,Hallmark pathways,Mean baseline,323,,,2.220446049250313e-16,,,,,0,Correlations only; PRISM and GDSC outcomes use different measurement scales.,4,talazoparib,Confirmatory extension,PARP inhibition
GDSC1_strict_sanger_heldout,GDSC1,AUC,Hallmark pathways,Elastic Net,323,0.0366799699868782,-0.0398915732069588,0.5856804163025046,-0.0570188651063244,0.1272438029958698,-0.1650000798411589,0.0742611121621611,1000,Correlations only; PRISM and GDSC outcomes use different measurement scales.,4,talazoparib,Confirmatory extension,PARP inhibition
GDSC1_strict_sanger_heldout,GDSC1,AUC,Hallmark pathways,Random forest,323,0.0316318037551902,-0.0756594526953929,0.3642550042149874,-0.084167531242407,0.1502923983043844,-0.1858142420599535,0.0385543304803901,1000,Correlations only; PRISM and GDSC outcomes use different measurement scales.,4,talazoparib,Confirmatory extension,PARP inhibition
GDSC1_heldout_all_expression_sources,GDSC1,LN_IC50,Hallmark pathways,Mean baseline,511,,,0.0,,,,,0,Correlations only; PRISM and GDSC outcomes use different measurement scales.,4,talazoparib,Confirmatory extension,PARP inhibition
GDSC1_heldout_all_expression_sources,GDSC1,LN_IC50,Hallmark pathways,Elastic Net,511,0.0675946404639157,0.0460591257050765,0.616627280741068,-0.0176237706751888,0.149740287471138,-0.0413909940543938,0.1335940108654963,1000,Correlations only; PRISM and GDSC outcomes use different measurement scales.,4,talazoparib,Confirmatory extension,PARP inhibition
GDSC1_heldout_all_expression_sources,GDSC1,LN_IC50,Hallmark pathways,Random forest,511,0.0558714262124795,0.015009227149764,0.3889819199414443,-0.0326366249727439,0.1421561694836152,-0.0746668233371784,0.0965883402020389,1000,Correlations only; PRISM and GDSC outcomes use different measurement scales.,4,talazoparib,Confirmatory extension,PARP inhibition
GDSC1_heldout_all_expression_sources,GDSC1,AUC,Hallmark pathways,Mean baseline,511,,,0.0,,,,,0,Correlations only; PRISM and GDSC outcomes use different measurement scales.,4,talazoparib,Confirmatory extension,PARP inhibition
GDSC1_heldout_all_expression_sources,GDSC1,AUC,Hallmark pathways,Elastic Net,511,0.0540912880680697,-0.0251711429434787,0.616627280741068,-0.0232377254318513,0.1356273083887222,-0.110061763044096,0.0647470982508045,1000,Correlations only; PRISM and GDSC outcomes use different measurement scales.,4,talazoparib,Confirmatory extension,PARP inhibition
GDSC1_heldout_all_expression_sources,GDSC1,AUC,Hallmark pathways,Random forest,511,0.0648741279796605,-0.0391423607114078,0.3889819199414443,-0.0260822225829054,0.1532633108651715,-0.1312900328400613,0.0481394381395777,1000,Correlations only; PRISM and GDSC outcomes use different measurement scales.,4,talazoparib,Confirmatory extension,PARP inhibition
GDSC2_strict_sanger_heldout,GDSC2,LN_IC50,Hallmark pathways,Mean baseline,352,,,2.220446049250313e-16,,,,,0,Correlations only; PRISM and GDSC outcomes use different measurement scales.,5,vorinostat,Confirmatory extension,HDAC inhibition
GDSC2_strict_sanger_heldout,GDSC2,LN_IC50,Hallmark pathways,Elastic Net,352,0.0064545622251929,-0.0576111408264382,0.4317497226090886,-0.1208668865734849,0.1308807451845283,-0.1493017146409136,0.0371439320471707,1000,Correlations only; PRISM and GDSC outcomes use different measurement scales.,5,vorinostat,Confirmatory extension,HDAC inhibition
GDSC2_strict_sanger_heldout,GDSC2,LN_IC50,Hallmark pathways,Random forest,352,0.1871197588564081,0.1489618345142424,0.3444455403140255,0.0954099933285411,0.2729562618142135,0.0449390572850036,0.2428612556991428,1000,Correlations only; PRISM and GDSC outcomes use different measurement scales.,5,vorinostat,Confirmatory extension,HDAC inhibition
GDSC2_strict_sanger_heldout,GDSC2,AUC,Hallmark pathways,Mean baseline,352,,,2.220446049250313e-16,,,,,0,Correlations only; PRISM and GDSC outcomes use different measurement scales.,5,vorinostat,Confirmatory extension,HDAC inhibition
GDSC2_strict_sanger_heldout,GDSC2,AUC,Hallmark pathways,Elastic Net,352,-0.0355794968531102,-0.0633093299523894,0.4317497226090886,-0.1519959748788209,0.0694985417904944,-0.1638017853155942,0.0391871793414231,1000,Correlations only; PRISM and GDSC outcomes use different measurement scales.,5,vorinostat,Confirmatory extension,HDAC inhibition
GDSC2_strict_sanger_heldout,GDSC2,AUC,Hallmark pathways,Random forest,352,0.1594636132411565,0.1390946950437035,0.3444455403140255,0.0524512309150467,0.2533147116610751,0.0307021915916258,0.2377678930664592,1000,Correlations only; PRISM and GDSC outcomes use different measurement scales.,5,vorinostat,Confirmatory extension,HDAC inhibition
GDSC2_heldout_all_expression_sources,GDSC2,LN_IC50,Hallmark pathways,Mean baseline,572,,,2.220446049250313e-16,,,,,0,Correlations only; PRISM and GDSC outcomes use different measurement scales.,5,vorinostat,Confirmatory extension,HDAC inhibition
GDSC2_heldout_all_expression_sources,GDSC2,LN_IC50,Hallmark pathways,Elastic Net,572,-0.0585406865519155,-0.1085673296454418,0.4047822963431122,-0.1598349065657972,0.0469063161042776,-0.1894672004464637,-0.0325133656729617,1000,Correlations only; PRISM and GDSC outcomes use different measurement scales.,5,vorinostat,Confirmatory extension,HDAC inhibition
GDSC2_heldout_all_expression_sources,GDSC2,LN_IC50,Hallmark pathways,Random forest,572,0.0847958214564866,0.044118185479442,0.3587647863635089,0.0093855499492424,0.1576080094990134,-0.0331996785682849,0.1227790669946594,1000,Correlations only; PRISM and GDSC outcomes use different measurement scales.,5,vorinostat,Confirmatory extension,HDAC inhibition
GDSC2_heldout_all_expression_sources,GDSC2,AUC,Hallmark pathways,Mean baseline,572,,,2.220446049250313e-16,,,,,0,Correlations only; PRISM and GDSC outcomes use different measurement scales.,5,vorinostat,Confirmatory extension,HDAC inhibition
GDSC2_heldout_all_expression_sources,GDSC2,AUC,Hallmark pathways,Elastic Net,572,-0.0812911834533425,-0.1039261854035237,0.4047822963431122,-0.166806472593574,0.0063774166049492,-0.1841957383048948,-0.0209142814899431,1000,Correlations only; PRISM and GDSC outcomes use different measurement scales.,5,vorinostat,Confirmatory extension,HDAC inhibition
GDSC2_heldout_all_expression_sources,GDSC2,AUC,Hallmark pathways,Random forest,572,0.0646449335952278,0.0481676931553606,0.3587647863635089,-0.007111451086616,0.1438177661669266,-0.0302409203720276,0.1353001670889122,1000,Correlations only; PRISM and GDSC outcomes use different measurement scales.,5,vorinostat,Confirmatory extension,HDAC inhibition
GDSC1_strict_sanger_heldout,GDSC1,LN_IC50,Hallmark pathways,Mean baseline,339,,,4.440892098500626e-16,,,,,0,Correlations only; PRISM and GDSC outcomes use different measurement scales.,5,vorinostat,Confirmatory extension,HDAC inhibition
GDSC1_strict_sanger_heldout,GDSC1,LN_IC50,Hallmark pathways,Elastic Net,339,-0.0640918729112484,-0.1138669763344411,0.4260801903486085,-0.196815638745135,0.0664849820641235,-0.2149266191480224,-0.0047467009843471,1000,Correlations only; PRISM and GDSC outcomes use different measurement scales.,5,vorinostat,Confirmatory extension,HDAC inhibition
GDSC1_strict_sanger_heldout,GDSC1,LN_IC50,Hallmark pathways,Random forest,339,0.0817261681049215,0.0556354709239825,0.3442296050627074,-0.0159302015514374,0.1796557609406503,-0.0454752232451473,0.1683401699216316,1000,Correlations only; PRISM and GDSC outcomes use different measurement scales.,5,vorinostat,Confirmatory extension,HDAC inhibition
GDSC1_strict_sanger_heldout,GDSC1,AUC,Hallmark pathways,Mean baseline,339,,,4.440892098500626e-16,,,,,0,Correlations only; PRISM and GDSC outcomes use different measurement scales.,5,vorinostat,Confirmatory extension,HDAC inhibition
GDSC1_strict_sanger_heldout,GDSC1,AUC,Hallmark pathways,Elastic Net,339,-0.0716062558831181,-0.1127380648022941,0.4260801903486085,-0.1941955863570942,0.0506445362411846,-0.2185870408181884,-0.0036067653803305,1000,Correlations only; PRISM and GDSC outcomes use different measurement scales.,5,vorinostat,Confirmatory extension,HDAC inhibition
GDSC1_strict_sanger_heldout,GDSC1,AUC,Hallmark pathways,Random forest,339,0.0707187724021275,0.0471583155962285,0.3442296050627074,-0.0317177990323422,0.1735961632445281,-0.0615688000886678,0.1542179133844371,1000,Correlations only; PRISM and GDSC outcomes use different measurement scales.,5,vorinostat,Confirmatory extension,HDAC inhibition
GDSC1_heldout_all_expression_sources,GDSC1,LN_IC50,Hallmark pathways,Mean baseline,551,,,0.0,,,,,0,Correlations only; PRISM and GDSC outcomes use different measurement scales.,5,vorinostat,Confirmatory extension,HDAC inhibition
GDSC1_heldout_all_expression_sources,GDSC1,LN_IC50,Hallmark pathways,Elastic Net,551,-0.0688266531420897,-0.1108669110420866,0.3991385709395603,-0.1681936434166785,0.024519928284287,-0.1939719354999686,-0.0264015260245295,1000,Correlations only; PRISM and GDSC outcomes use different measurement scales.,5,vorinostat,Confirmatory extension,HDAC inhibition
GDSC1_heldout_all_expression_sources,GDSC1,LN_IC50,Hallmark pathways,Random forest,551,0.0326747730210149,-0.0109390759165871,0.3568647970664712,-0.045046712144242,0.11161452215954,-0.0915224561419126,0.0671979013301622,1000,Correlations only; PRISM and GDSC outcomes use different measurement scales.,5,vorinostat,Confirmatory extension,HDAC inhibition
GDSC1_heldout_all_expression_sources,GDSC1,AUC,Hallmark pathways,Mean baseline,551,,,0.0,,,,,0,Correlations only; PRISM and GDSC outcomes use different measurement scales.,5,vorinostat,Confirmatory extension,HDAC inhibition
GDSC1_heldout_all_expression_sources,GDSC1,AUC,Hallmark pathways,Elastic Net,551,-0.0718756202108908,-0.1079505462579715,0.3991385709395603,-0.1633724324698737,0.0226464949356174,-0.1871078712807367,-0.0243241088538241,1000,Correlations only; PRISM and GDSC outcomes use different measurement scales.,5,vorinostat,Confirmatory extension,HDAC inhibition
GDSC1_heldout_all_expression_sources,GDSC1,AUC,Hallmark pathways,Random forest,551,0.0167952915082685,-0.0156411268050185,0.3568647970664712,-0.0654096373201087,0.0965821512801518,-0.0991865667890944,0.0683967923111834,1000,Correlations only; PRISM and GDSC outcomes use different measurement scales.,5,vorinostat,Confirmatory extension,HDAC inhibition
GDSC2_strict_sanger_heldout,GDSC2,LN_IC50,Hallmark pathways,Mean baseline,348,,,8.881784197001252e-16,,,,,0,Correlations only; PRISM and GDSC outcomes use different measurement scales.,6,bortezomib,Confirmatory extension,Proteasome inhibition
GDSC2_strict_sanger_heldout,GDSC2,LN_IC50,Hallmark pathways,Elastic Net,348,0.1603219915692495,0.1621290169923749,0.2974387265028053,0.0374715681645076,0.274699097013899,0.0466056154439737,0.2616530873606617,1000,Correlations only; PRISM and GDSC outcomes use different measurement scales.,6,bortezomib,Confirmatory extension,Proteasome inhibition
GDSC2_strict_sanger_heldout,GDSC2,LN_IC50,Hallmark pathways,Random forest,348,0.1797202033073289,0.1881088967584447,0.3949684382504655,0.0680779721010301,0.2913636739460145,0.0896312275985799,0.2827572539893832,1000,Correlations only; PRISM and GDSC outcomes use different measurement scales.,6,bortezomib,Confirmatory extension,Proteasome inhibition
GDSC2_strict_sanger_heldout,GDSC2,AUC,Hallmark pathways,Mean baseline,348,,,8.881784197001252e-16,,,,,0,Correlations only; PRISM and GDSC outcomes use different measurement scales.,6,bortezomib,Confirmatory extension,Proteasome inhibition
GDSC2_strict_sanger_heldout,GDSC2,AUC,Hallmark pathways,Elastic Net,348,0.1809016625753309,0.1550951071288133,0.2974387265028053,0.0718950028263167,0.2920206907861509,0.0538827068949417,0.2546869222409885,1000,Correlations only; PRISM and GDSC outcomes use different measurement scales.,6,bortezomib,Confirmatory extension,Proteasome inhibition
GDSC2_strict_sanger_heldout,GDSC2,AUC,Hallmark pathways,Random forest,348,0.1961788242125721,0.158189651613175,0.3949684382504655,0.0881683387443993,0.3003749634950582,0.0515859391264725,0.2539089517730611,1000,Correlations only; PRISM and GDSC outcomes use different measurement scales.,6,bortezomib,Confirmatory extension,Proteasome inhibition
GDSC2_heldout_all_expression_sources,GDSC2,LN_IC50,Hallmark pathways,Mean baseline,548,,,8.881784197001252e-16,,,,,0,Correlations only; PRISM and GDSC outcomes use different measurement scales.,6,bortezomib,Confirmatory extension,Proteasome inhibition
GDSC2_heldout_all_expression_sources,GDSC2,LN_IC50,Hallmark pathways,Elastic Net,548,0.1693186962676546,0.2040925526532071,0.3070154209657126,0.083248090699963,0.251997153247848,0.1235331026055525,0.2851763245386949,1000,Correlations only; PRISM and GDSC outcomes use different measurement scales.,6,bortezomib,Confirmatory extension,Proteasome inhibition
GDSC2_heldout_all_expression_sources,GDSC2,LN_IC50,Hallmark pathways,Random forest,548,0.2247775673180202,0.2575482704074724,0.4131248409581237,0.1401865836223779,0.3046895552516955,0.1834204900245163,0.3365758816843019,1000,Correlations only; PRISM and GDSC outcomes use different measurement scales.,6,bortezomib,Confirmatory extension,Proteasome inhibition
GDSC2_heldout_all_expression_sources,GDSC2,AUC,Hallmark pathways,Mean baseline,548,,,8.881784197001252e-16,,,,,0,Correlations only; PRISM and GDSC outcomes use different measurement scales.,6,bortezomib,Confirmatory extension,Proteasome inhibition
GDSC2_heldout_all_expression_sources,GDSC2,AUC,Hallmark pathways,Elastic Net,548,0.2028932564313774,0.1981034191962468,0.3070154209657126,0.1231648094821523,0.2844931224622409,0.1140981825298658,0.2844077822204525,1000,Correlations only; PRISM and GDSC outcomes use different measurement scales.,6,bortezomib,Confirmatory extension,Proteasome inhibition
GDSC2_heldout_all_expression_sources,GDSC2,AUC,Hallmark pathways,Random forest,548,0.2545882835237922,0.2276955019955392,0.4131248409581237,0.1768864116862348,0.3359192768883302,0.1491494829343853,0.3074542882270342,1000,Correlations only; PRISM and GDSC outcomes use different measurement scales.,6,bortezomib,Confirmatory extension,Proteasome inhibition
GDSC1_strict_sanger_heldout,GDSC1,LN_IC50,Hallmark pathways,Mean baseline,191,,,0.0,,,,,0,Correlations only; PRISM and GDSC outcomes use different measurement scales.,6,bortezomib,Confirmatory extension,Proteasome inhibition
GDSC1_strict_sanger_heldout,GDSC1,LN_IC50,Hallmark pathways,Elastic Net,191,0.2417310013353298,0.263043479196893,0.3102041409156498,0.093958573879418,0.3766066483631795,0.1260480973107606,0.3913225567662166,1000,Correlations only; PRISM and GDSC outcomes use different measurement scales.,6,bortezomib,Confirmatory extension,Proteasome inhibition
GDSC1_strict_sanger_heldout,GDSC1,LN_IC50,Hallmark pathways,Random forest,191,0.2913299205997426,0.2832763344225317,0.4206038988034535,0.1761889542241437,0.4105383637349349,0.1558613319476402,0.4124095548574162,1000,Correlations only; PRISM and GDSC outcomes use different measurement scales.,6,bortezomib,Confirmatory extension,Proteasome inhibition
GDSC1_strict_sanger_heldout,GDSC1,AUC,Hallmark pathways,Mean baseline,191,,,0.0,,,,,0,Correlations only; PRISM and GDSC outcomes use different measurement scales.,6,bortezomib,Confirmatory extension,Proteasome inhibition
GDSC1_strict_sanger_heldout,GDSC1,AUC,Hallmark pathways,Elastic Net,191,0.2306794534577368,0.2560605538715899,0.3102041409156498,0.0933941456282891,0.3637724207025636,0.1236096144022966,0.3787163797970152,1000,Correlations only; PRISM and GDSC outcomes use different measurement scales.,6,bortezomib,Confirmatory extension,Proteasome inhibition
GDSC1_strict_sanger_heldout,GDSC1,AUC,Hallmark pathways,Random forest,191,0.2825373188550132,0.2775299669330394,0.4206038988034535,0.1606908051038921,0.398171537241518,0.1462654596602642,0.4029183197617624,1000,Correlations only; PRISM and GDSC outcomes use different measurement scales.,6,bortezomib,Confirmatory extension,Proteasome inhibition
GDSC1_heldout_all_expression_sources,GDSC1,LN_IC50,Hallmark pathways,Mean baseline,315,,,0.0,,,,,0,Correlations only; PRISM and GDSC outcomes use different measurement scales.,6,bortezomib,Confirmatory extension,Proteasome inhibition
GDSC1_heldout_all_expression_sources,GDSC1,LN_IC50,Hallmark pathways,Elastic Net,315,0.2094147956145581,0.2430704402420355,0.3129314749857281,0.0936003039216349,0.3146193131405759,0.1329688626771503,0.3474128319261566,1000,Correlations only; PRISM and GDSC outcomes use different measurement scales.,6,bortezomib,Confirmatory extension,Proteasome inhibition
GDSC1_heldout_all_expression_sources,GDSC1,LN_IC50,Hallmark pathways,Random forest,315,0.2642400533499708,0.2688453128510888,0.4532818501941799,0.1619024630301083,0.3583359860043104,0.1649867425655158,0.358479915963053,1000,Correlations only; PRISM and GDSC outcomes use different measurement scales.,6,bortezomib,Confirmatory extension,Proteasome inhibition
GDSC1_heldout_all_expression_sources,GDSC1,AUC,Hallmark pathways,Mean baseline,315,,,0.0,,,,,0,Correlations only; PRISM and GDSC outcomes use different measurement scales.,6,bortezomib,Confirmatory extension,Proteasome inhibition
GDSC1_heldout_all_expression_sources,GDSC1,AUC,Hallmark pathways,Elastic Net,315,0.2173562044353032,0.2342248227195417,0.3129314749857281,0.1122433605451882,0.3150768677253564,0.1277415536871883,0.3276233964642063,1000,Correlations only; PRISM and GDSC outcomes use different measurement scales.,6,bortezomib,Confirmatory extension,Proteasome inhibition
GDSC1_heldout_all_expression_sources,GDSC1,AUC,Hallmark pathways,Random forest,315,0.2695911422219952,0.2603955264279379,0.4532818501941799,0.1736629123412287,0.3656652178237608,0.1565391732431979,0.3598173682257764,1000,Correlations only; PRISM and GDSC outcomes use different measurement scales.,6,bortezomib,Confirmatory extension,Proteasome inhibition
