cohort,dataset,outcome,model,n,pearson_r,spearman_rho,prediction_sd,pearson_ci_2_5,pearson_ci_97_5,spearman_ci_2_5,spearman_ci_97_5,successful_bootstraps,metric_note,panel_order,drug_name,study_role,mechanism_class
GDSC2_strict_sanger_heldout,GDSC2,LN_IC50,Mean baseline,349,,,0.0,,,,,0,Correlations only; PRISM and GDSC outcomes use different measurement scales.,2,gemcitabine,Confirmatory extension,Antimetabolite
GDSC2_strict_sanger_heldout,GDSC2,LN_IC50,Elastic Net,349,-0.1937352142839455,-0.1441082896946942,0.8588744946562722,-0.2956139768681005,-0.0943408558138355,-0.2526815687618602,-0.0322146893541114,1000,Correlations only; PRISM and GDSC outcomes use different measurement scales.,2,gemcitabine,Confirmatory extension,Antimetabolite
GDSC2_strict_sanger_heldout,GDSC2,LN_IC50,Random forest,349,0.2132159572308206,0.2357858483774894,0.2836709632547766,0.0925944684025659,0.3136792823053074,0.1332259846982394,0.3308845707401345,1000,Correlations only; PRISM and GDSC outcomes use different measurement scales.,2,gemcitabine,Confirmatory extension,Antimetabolite
GDSC2_strict_sanger_heldout,GDSC2,AUC,Mean baseline,349,,,0.0,,,,,0,Correlations only; PRISM and GDSC outcomes use different measurement scales.,2,gemcitabine,Confirmatory extension,Antimetabolite
GDSC2_strict_sanger_heldout,GDSC2,AUC,Elastic Net,349,-0.165513433627036,-0.1028836789137154,0.8588744946562722,-0.2611803625171312,-0.0760627865806829,-0.2082799987449366,-0.0064039427276402,1000,Correlations only; PRISM and GDSC outcomes use different measurement scales.,2,gemcitabine,Confirmatory extension,Antimetabolite
GDSC2_strict_sanger_heldout,GDSC2,AUC,Random forest,349,0.1581473937079001,0.1828243962341383,0.2836709632547766,0.0602291038391323,0.2556627443216263,0.0848408269344548,0.2834548234479316,1000,Correlations only; PRISM and GDSC outcomes use different measurement scales.,2,gemcitabine,Confirmatory extension,Antimetabolite
GDSC2_heldout_all_expression_sources,GDSC2,LN_IC50,Mean baseline,562,,,4.440892098500626e-16,,,,,0,Correlations only; PRISM and GDSC outcomes use different measurement scales.,2,gemcitabine,Confirmatory extension,Antimetabolite
GDSC2_heldout_all_expression_sources,GDSC2,LN_IC50,Elastic Net,562,-0.1975341182589934,-0.1848952207583021,0.8842206450117037,-0.2739813844875125,-0.1233025598697671,-0.2672750563196215,-0.1004863109844945,1000,Correlations only; PRISM and GDSC outcomes use different measurement scales.,2,gemcitabine,Confirmatory extension,Antimetabolite
GDSC2_heldout_all_expression_sources,GDSC2,LN_IC50,Random forest,562,0.2980704651612603,0.3193876911884787,0.2949024202242408,0.2130759263462932,0.3766792849603124,0.2407140567529482,0.3886005938813419,1000,Correlations only; PRISM and GDSC outcomes use different measurement scales.,2,gemcitabine,Confirmatory extension,Antimetabolite
GDSC2_heldout_all_expression_sources,GDSC2,AUC,Mean baseline,562,,,4.440892098500626e-16,,,,,0,Correlations only; PRISM and GDSC outcomes use different measurement scales.,2,gemcitabine,Confirmatory extension,Antimetabolite
GDSC2_heldout_all_expression_sources,GDSC2,AUC,Elastic Net,562,-0.190158327712381,-0.1622292903915064,0.8842206450117037,-0.2622766569716348,-0.1124204061816505,-0.2391138949947664,-0.0796537253503551,1000,Correlations only; PRISM and GDSC outcomes use different measurement scales.,2,gemcitabine,Confirmatory extension,Antimetabolite
GDSC2_heldout_all_expression_sources,GDSC2,AUC,Random forest,562,0.2397300203355671,0.2580177481980861,0.2949024202242408,0.1669449766791695,0.3124754494029396,0.1837202587194158,0.3324731787122513,1000,Correlations only; PRISM and GDSC outcomes use different measurement scales.,2,gemcitabine,Confirmatory extension,Antimetabolite
GDSC1_strict_sanger_heldout,GDSC1,LN_IC50,Mean baseline,335,,,0.0,,,,,0,Correlations only; PRISM and GDSC outcomes use different measurement scales.,2,gemcitabine,Confirmatory extension,Antimetabolite
GDSC1_strict_sanger_heldout,GDSC1,LN_IC50,Elastic Net,335,0.1500727360037723,0.2104729772863654,0.8768292754230759,0.0412350850891892,0.2604459567680618,0.1013629699773442,0.3145283424142957,1000,Correlations only; PRISM and GDSC outcomes use different measurement scales.,2,gemcitabine,Confirmatory extension,Antimetabolite
GDSC1_strict_sanger_heldout,GDSC1,LN_IC50,Random forest,335,0.1650355511991116,0.1480586800812022,0.2869110757134228,0.0487370212206345,0.2782861300846454,0.0436259313272648,0.2537174723588702,1000,Correlations only; PRISM and GDSC outcomes use different measurement scales.,2,gemcitabine,Confirmatory extension,Antimetabolite
GDSC1_strict_sanger_heldout,GDSC1,AUC,Mean baseline,335,,,0.0,,,,,0,Correlations only; PRISM and GDSC outcomes use different measurement scales.,2,gemcitabine,Confirmatory extension,Antimetabolite
GDSC1_strict_sanger_heldout,GDSC1,AUC,Elastic Net,335,0.18294507787432,0.2268260919525555,0.8768292754230759,0.0751743396650103,0.296725480872087,0.1218752362603859,0.3351492791307632,1000,Correlations only; PRISM and GDSC outcomes use different measurement scales.,2,gemcitabine,Confirmatory extension,Antimetabolite
GDSC1_strict_sanger_heldout,GDSC1,AUC,Random forest,335,0.1535748087569278,0.1210902289238155,0.2869110757134228,0.0463775269420437,0.2563924902745615,0.0197610290680258,0.2244551091975385,1000,Correlations only; PRISM and GDSC outcomes use different measurement scales.,2,gemcitabine,Confirmatory extension,Antimetabolite
GDSC1_heldout_all_expression_sources,GDSC1,LN_IC50,Mean baseline,536,,,0.0,,,,,0,Correlations only; PRISM and GDSC outcomes use different measurement scales.,2,gemcitabine,Confirmatory extension,Antimetabolite
GDSC1_heldout_all_expression_sources,GDSC1,LN_IC50,Elastic Net,536,0.1023526249394909,0.1388209321481144,0.900134124718372,0.0196110944043743,0.1887720976962658,0.0568884464316395,0.2259530737360319,1000,Correlations only; PRISM and GDSC outcomes use different measurement scales.,2,gemcitabine,Confirmatory extension,Antimetabolite
GDSC1_heldout_all_expression_sources,GDSC1,LN_IC50,Random forest,536,0.2108135908092899,0.194611186743669,0.2995899192710329,0.1245400535868827,0.2910266441203508,0.1077611877303225,0.2708184707989787,1000,Correlations only; PRISM and GDSC outcomes use different measurement scales.,2,gemcitabine,Confirmatory extension,Antimetabolite
GDSC1_heldout_all_expression_sources,GDSC1,AUC,Mean baseline,536,,,0.0,,,,,0,Correlations only; PRISM and GDSC outcomes use different measurement scales.,2,gemcitabine,Confirmatory extension,Antimetabolite
GDSC1_heldout_all_expression_sources,GDSC1,AUC,Elastic Net,536,0.1340849228595055,0.1686871859051736,0.900134124718372,0.0448124647141218,0.2219850973362483,0.0806745999179885,0.2549665329659618,1000,Correlations only; PRISM and GDSC outcomes use different measurement scales.,2,gemcitabine,Confirmatory extension,Antimetabolite
GDSC1_heldout_all_expression_sources,GDSC1,AUC,Random forest,536,0.1757004825360468,0.1508976030410262,0.2995899192710329,0.1009349993593212,0.2590127404918355,0.0716601955746486,0.2317287025201757,1000,Correlations only; PRISM and GDSC outcomes use different measurement scales.,2,gemcitabine,Confirmatory extension,Antimetabolite
GDSC2_strict_sanger_heldout,GDSC2,LN_IC50,Mean baseline,351,,,4.440892098500626e-16,,,,,0,Correlations only; PRISM and GDSC outcomes use different measurement scales.,3,docetaxel,Confirmatory extension,Microtubule stabilization
GDSC2_strict_sanger_heldout,GDSC2,LN_IC50,Elastic Net,351,0.1336324466976823,0.1590800865800865,0.6538757504156615,0.0390925531106504,0.2257148566688018,0.0605283847357401,0.2537517503605953,1000,Correlations only; PRISM and GDSC outcomes use different measurement scales.,3,docetaxel,Confirmatory extension,Microtubule stabilization
GDSC2_strict_sanger_heldout,GDSC2,LN_IC50,Random forest,351,0.2481052024183552,0.2582381507381507,0.2968415225675925,0.1300305561364199,0.3487484581709961,0.1435610112077667,0.3600672068376329,1000,Correlations only; PRISM and GDSC outcomes use different measurement scales.,3,docetaxel,Confirmatory extension,Microtubule stabilization
GDSC2_strict_sanger_heldout,GDSC2,AUC,Mean baseline,351,,,4.440892098500626e-16,,,,,0,Correlations only; PRISM and GDSC outcomes use different measurement scales.,3,docetaxel,Confirmatory extension,Microtubule stabilization
GDSC2_strict_sanger_heldout,GDSC2,AUC,Elastic Net,351,0.1840514149591422,0.1960375735375735,0.6538757504156615,0.0898798542335909,0.2725155129094843,0.0948752391379995,0.2895761003863239,1000,Correlations only; PRISM and GDSC outcomes use different measurement scales.,3,docetaxel,Confirmatory extension,Microtubule stabilization
GDSC2_strict_sanger_heldout,GDSC2,AUC,Random forest,351,0.2429861331029033,0.2499730824730824,0.2968415225675925,0.1496288814966612,0.3368151940142735,0.1494429912479166,0.3466339373927871,1000,Correlations only; PRISM and GDSC outcomes use different measurement scales.,3,docetaxel,Confirmatory extension,Microtubule stabilization
GDSC2_heldout_all_expression_sources,GDSC2,LN_IC50,Mean baseline,554,,,0.0,,,,,0,Correlations only; PRISM and GDSC outcomes use different measurement scales.,3,docetaxel,Confirmatory extension,Microtubule stabilization
GDSC2_heldout_all_expression_sources,GDSC2,LN_IC50,Elastic Net,554,0.1473802534569419,0.1628469200100146,0.6351689619534724,0.0658443138962879,0.2257889607165434,0.0802946041320315,0.2401894887792822,1000,Correlations only; PRISM and GDSC outcomes use different measurement scales.,3,docetaxel,Confirmatory extension,Microtubule stabilization
GDSC2_heldout_all_expression_sources,GDSC2,LN_IC50,Random forest,554,0.2780163190060531,0.2817901874429773,0.2941665233382604,0.1955862099351586,0.3570618357429954,0.1999681792568024,0.3593847063613481,1000,Correlations only; PRISM and GDSC outcomes use different measurement scales.,3,docetaxel,Confirmatory extension,Microtubule stabilization
GDSC2_heldout_all_expression_sources,GDSC2,AUC,Mean baseline,554,,,0.0,,,,,0,Correlations only; PRISM and GDSC outcomes use different measurement scales.,3,docetaxel,Confirmatory extension,Microtubule stabilization
GDSC2_heldout_all_expression_sources,GDSC2,AUC,Elastic Net,554,0.181880461102443,0.1844292311321512,0.6351689619534724,0.1121696399135464,0.261060026352937,0.1088261885921627,0.2714022921132477,1000,Correlations only; PRISM and GDSC outcomes use different measurement scales.,3,docetaxel,Confirmatory extension,Microtubule stabilization
GDSC2_heldout_all_expression_sources,GDSC2,AUC,Random forest,554,0.260839306375392,0.2634260441233891,0.2941665233382604,0.1825516939202882,0.3357787974146771,0.1773035452174681,0.3397881096114705,1000,Correlations only; PRISM and GDSC outcomes use different measurement scales.,3,docetaxel,Confirmatory extension,Microtubule stabilization
GDSC1_strict_sanger_heldout,GDSC1,LN_IC50,Mean baseline,336,,,4.440892098500626e-16,,,,,0,Correlations only; PRISM and GDSC outcomes use different measurement scales.,3,docetaxel,Confirmatory extension,Microtubule stabilization
GDSC1_strict_sanger_heldout,GDSC1,LN_IC50,Elastic Net,336,0.3542281040900228,0.3264616932294863,0.645532265943392,0.2550325393545165,0.4420602184078027,0.2307696612777487,0.4235882538534583,1000,Correlations only; PRISM and GDSC outcomes use different measurement scales.,3,docetaxel,Confirmatory extension,Microtubule stabilization
GDSC1_strict_sanger_heldout,GDSC1,LN_IC50,Random forest,336,0.291661010875239,0.2691331388837922,0.2896231670645207,0.2029094393205395,0.3798389501034689,0.1658949721589237,0.3683930713973679,1000,Correlations only; PRISM and GDSC outcomes use different measurement scales.,3,docetaxel,Confirmatory extension,Microtubule stabilization
GDSC1_strict_sanger_heldout,GDSC1,AUC,Mean baseline,336,,,4.440892098500626e-16,,,,,0,Correlations only; PRISM and GDSC outcomes use different measurement scales.,3,docetaxel,Confirmatory extension,Microtubule stabilization
GDSC1_strict_sanger_heldout,GDSC1,AUC,Elastic Net,336,0.338188189071323,0.3315305625328212,0.645532265943392,0.2512407917361479,0.4226088001739403,0.2312366331722793,0.4315084203874657,1000,Correlations only; PRISM and GDSC outcomes use different measurement scales.,3,docetaxel,Confirmatory extension,Microtubule stabilization
GDSC1_strict_sanger_heldout,GDSC1,AUC,Random forest,336,0.2724577794962335,0.2490411444262367,0.2896231670645207,0.1746336426488169,0.3650914498944763,0.1434971032079986,0.3507599041692676,1000,Correlations only; PRISM and GDSC outcomes use different measurement scales.,3,docetaxel,Confirmatory extension,Microtubule stabilization
GDSC1_heldout_all_expression_sources,GDSC1,LN_IC50,Mean baseline,527,,,8.881784197001252e-16,,,,,0,Correlations only; PRISM and GDSC outcomes use different measurement scales.,3,docetaxel,Confirmatory extension,Microtubule stabilization
GDSC1_heldout_all_expression_sources,GDSC1,LN_IC50,Elastic Net,527,0.3040075601782852,0.2750455690008796,0.6277560713060741,0.21967397643239,0.3764914741883332,0.1930397899296139,0.3534299836566286,1000,Correlations only; PRISM and GDSC outcomes use different measurement scales.,3,docetaxel,Confirmatory extension,Microtubule stabilization
GDSC1_heldout_all_expression_sources,GDSC1,LN_IC50,Random forest,527,0.295349649769829,0.2531523614876189,0.2884825048325465,0.2142422469322011,0.376191442932956,0.1729414889949431,0.3334120635042871,1000,Correlations only; PRISM and GDSC outcomes use different measurement scales.,3,docetaxel,Confirmatory extension,Microtubule stabilization
GDSC1_heldout_all_expression_sources,GDSC1,AUC,Mean baseline,527,,,8.881784197001252e-16,,,,,0,Correlations only; PRISM and GDSC outcomes use different measurement scales.,3,docetaxel,Confirmatory extension,Microtubule stabilization
GDSC1_heldout_all_expression_sources,GDSC1,AUC,Elastic Net,527,0.2723206557335382,0.2659279153830059,0.6277560713060741,0.1985150348573255,0.3480592892280707,0.1791744114059145,0.3539605217809627,1000,Correlations only; PRISM and GDSC outcomes use different measurement scales.,3,docetaxel,Confirmatory extension,Microtubule stabilization
GDSC1_heldout_all_expression_sources,GDSC1,AUC,Random forest,527,0.2458848710494659,0.219817054973367,0.2884825048325465,0.1681187267225479,0.3155581190675833,0.1369679630754768,0.2991358849341257,1000,Correlations only; PRISM and GDSC outcomes use different measurement scales.,3,docetaxel,Confirmatory extension,Microtubule stabilization
GDSC2_strict_sanger_heldout,GDSC2,LN_IC50,Mean baseline,347,,,2.220446049250313e-16,,,,,0,Correlations only; PRISM and GDSC outcomes use different measurement scales.,4,talazoparib,Confirmatory extension,PARP inhibition
GDSC2_strict_sanger_heldout,GDSC2,LN_IC50,Elastic Net,347,0.0862645403384499,0.0702892585957025,0.830385377074507,-0.0298864271768775,0.2045245619060272,-0.0370258097391458,0.1844683763337429,1000,Correlations only; PRISM and GDSC outcomes use different measurement scales.,4,talazoparib,Confirmatory extension,PARP inhibition
GDSC2_strict_sanger_heldout,GDSC2,LN_IC50,Random forest,347,0.3898154949119333,0.3261929612229084,0.4144718350659244,0.2974956061287214,0.47885924169508,0.2301864278356925,0.4246879921246796,1000,Correlations only; PRISM and GDSC outcomes use different measurement scales.,4,talazoparib,Confirmatory extension,PARP inhibition
GDSC2_strict_sanger_heldout,GDSC2,AUC,Mean baseline,347,,,2.220446049250313e-16,,,,,0,Correlations only; PRISM and GDSC outcomes use different measurement scales.,4,talazoparib,Confirmatory extension,PARP inhibition
GDSC2_strict_sanger_heldout,GDSC2,AUC,Elastic Net,347,0.0931401994349201,0.0623677766487314,0.830385377074507,-0.0469264286764825,0.2241035036567794,-0.0503482308035834,0.1777491638277302,1000,Correlations only; PRISM and GDSC outcomes use different measurement scales.,4,talazoparib,Confirmatory extension,PARP inhibition
GDSC2_strict_sanger_heldout,GDSC2,AUC,Random forest,347,0.3681539702624082,0.2233133570643673,0.4144718350659244,0.2677225048779892,0.4570388803615146,0.1107898345718588,0.3272592819263776,1000,Correlations only; PRISM and GDSC outcomes use different measurement scales.,4,talazoparib,Confirmatory extension,PARP inhibition
GDSC2_heldout_all_expression_sources,GDSC2,LN_IC50,Mean baseline,546,,,0.0,,,,,0,Correlations only; PRISM and GDSC outcomes use different measurement scales.,4,talazoparib,Confirmatory extension,PARP inhibition
GDSC2_heldout_all_expression_sources,GDSC2,LN_IC50,Elastic Net,546,0.113241498031498,0.11402572906355,0.8162339741645271,0.0282915075106276,0.1935679279989794,0.0280487008375457,0.1947398417751342,1000,Correlations only; PRISM and GDSC outcomes use different measurement scales.,4,talazoparib,Confirmatory extension,PARP inhibition
GDSC2_heldout_all_expression_sources,GDSC2,LN_IC50,Random forest,546,0.4349547712057835,0.4029882634347353,0.424016837771889,0.3710185694830472,0.5010170590735499,0.3332997948909599,0.4718278897440172,1000,Correlations only; PRISM and GDSC outcomes use different measurement scales.,4,talazoparib,Confirmatory extension,PARP inhibition
GDSC2_heldout_all_expression_sources,GDSC2,AUC,Mean baseline,546,,,0.0,,,,,0,Correlations only; PRISM and GDSC outcomes use different measurement scales.,4,talazoparib,Confirmatory extension,PARP inhibition
GDSC2_heldout_all_expression_sources,GDSC2,AUC,Elastic Net,546,0.1132136340761675,0.1070604989998512,0.8162339741645271,0.0205262275444711,0.2013011343601515,0.0176437317411619,0.1958116442253866,1000,Correlations only; PRISM and GDSC outcomes use different measurement scales.,4,talazoparib,Confirmatory extension,PARP inhibition
GDSC2_heldout_all_expression_sources,GDSC2,AUC,Random forest,546,0.3970503434093928,0.2985752787708409,0.424016837771889,0.3287607535846493,0.4569898662978737,0.2116373187811193,0.3759994512933577,1000,Correlations only; PRISM and GDSC outcomes use different measurement scales.,4,talazoparib,Confirmatory extension,PARP inhibition
GDSC1_strict_sanger_heldout,GDSC1,LN_IC50,Mean baseline,323,,,2.220446049250313e-16,,,,,0,Correlations only; PRISM and GDSC outcomes use different measurement scales.,4,talazoparib,Confirmatory extension,PARP inhibition
GDSC1_strict_sanger_heldout,GDSC1,LN_IC50,Elastic Net,323,0.2277707793137129,0.1630119629850414,0.8238342596786513,0.1168376371583828,0.3352105421266443,0.049136158648485,0.2752976124304769,1000,Correlations only; PRISM and GDSC outcomes use different measurement scales.,4,talazoparib,Confirmatory extension,PARP inhibition
GDSC1_strict_sanger_heldout,GDSC1,LN_IC50,Random forest,323,0.1302958075975799,0.0196641076974903,0.415549691976413,0.0165922695826957,0.2406013767269373,-0.0855740615363113,0.1291259717188082,1000,Correlations only; PRISM and GDSC outcomes use different measurement scales.,4,talazoparib,Confirmatory extension,PARP inhibition
GDSC1_strict_sanger_heldout,GDSC1,AUC,Mean baseline,323,,,2.220446049250313e-16,,,,,0,Correlations only; PRISM and GDSC outcomes use different measurement scales.,4,talazoparib,Confirmatory extension,PARP inhibition
GDSC1_strict_sanger_heldout,GDSC1,AUC,Elastic Net,323,0.2424658993748612,0.1573912046384788,0.8238342596786513,0.1252860359380043,0.3436802699624708,0.0410949081480919,0.2646525097776699,1000,Correlations only; PRISM and GDSC outcomes use different measurement scales.,4,talazoparib,Confirmatory extension,PARP inhibition
GDSC1_strict_sanger_heldout,GDSC1,AUC,Random forest,323,0.1833035015199037,-0.0201882939801906,0.415549691976413,0.0620900183393864,0.2919518298666531,-0.1291708601834998,0.0906692949806787,1000,Correlations only; PRISM and GDSC outcomes use different measurement scales.,4,talazoparib,Confirmatory extension,PARP inhibition
GDSC1_heldout_all_expression_sources,GDSC1,LN_IC50,Mean baseline,511,,,0.0,,,,,0,Correlations only; PRISM and GDSC outcomes use different measurement scales.,4,talazoparib,Confirmatory extension,PARP inhibition
GDSC1_heldout_all_expression_sources,GDSC1,LN_IC50,Elastic Net,511,0.1925466496737547,0.1508004957119834,0.8061191669239778,0.1044451543095476,0.2734005715994772,0.0636105959581869,0.2352216562207103,1000,Correlations only; PRISM and GDSC outcomes use different measurement scales.,4,talazoparib,Confirmatory extension,PARP inhibition
GDSC1_heldout_all_expression_sources,GDSC1,LN_IC50,Random forest,511,0.1601189782563489,0.0681046391159203,0.4248470492995355,0.0746924170948635,0.2510387053603436,-0.020476956161309,0.1534483922472097,1000,Correlations only; PRISM and GDSC outcomes use different measurement scales.,4,talazoparib,Confirmatory extension,PARP inhibition
GDSC1_heldout_all_expression_sources,GDSC1,AUC,Mean baseline,511,,,0.0,,,,,0,Correlations only; PRISM and GDSC outcomes use different measurement scales.,4,talazoparib,Confirmatory extension,PARP inhibition
GDSC1_heldout_all_expression_sources,GDSC1,AUC,Elastic Net,511,0.2043026451734946,0.1533095429952802,0.8061191669239778,0.1150522843708976,0.2902512989231069,0.0623303750708867,0.244020015750281,1000,Correlations only; PRISM and GDSC outcomes use different measurement scales.,4,talazoparib,Confirmatory extension,PARP inhibition
GDSC1_heldout_all_expression_sources,GDSC1,AUC,Random forest,511,0.1851422534502029,0.0080732164441118,0.4248470492995355,0.0922663310446306,0.276509869391089,-0.082159321807115,0.0994641440020288,1000,Correlations only; PRISM and GDSC outcomes use different measurement scales.,4,talazoparib,Confirmatory extension,PARP inhibition
GDSC2_strict_sanger_heldout,GDSC2,LN_IC50,Mean baseline,352,,,2.220446049250313e-16,,,,,0,Correlations only; PRISM and GDSC outcomes use different measurement scales.,5,vorinostat,Confirmatory extension,HDAC inhibition
GDSC2_strict_sanger_heldout,GDSC2,LN_IC50,Elastic Net,352,0.111383580085573,0.037099035682605,0.760864205128872,-0.0078711009362269,0.2158670769258992,-0.0738062649003214,0.1432089653974782,1000,Correlations only; PRISM and GDSC outcomes use different measurement scales.,5,vorinostat,Confirmatory extension,HDAC inhibition
GDSC2_strict_sanger_heldout,GDSC2,LN_IC50,Random forest,352,0.3743905372302768,0.3830429485528634,0.3366383396212044,0.2898258659653065,0.4450518449263463,0.2927970864598754,0.4648494536399472,1000,Correlations only; PRISM and GDSC outcomes use different measurement scales.,5,vorinostat,Confirmatory extension,HDAC inhibition
GDSC2_strict_sanger_heldout,GDSC2,AUC,Mean baseline,352,,,2.220446049250313e-16,,,,,0,Correlations only; PRISM and GDSC outcomes use different measurement scales.,5,vorinostat,Confirmatory extension,HDAC inhibition
GDSC2_strict_sanger_heldout,GDSC2,AUC,Elastic Net,352,0.048839660372302,0.0141975981211108,0.760864205128872,-0.0607521981033847,0.1607600842918157,-0.0920686390303259,0.1178835761987307,1000,Correlations only; PRISM and GDSC outcomes use different measurement scales.,5,vorinostat,Confirmatory extension,HDAC inhibition
GDSC2_strict_sanger_heldout,GDSC2,AUC,Random forest,352,0.3363845372376292,0.3587680025357078,0.3366383396212044,0.2566432866073828,0.4102390305070326,0.2653925508444066,0.4417408041107774,1000,Correlations only; PRISM and GDSC outcomes use different measurement scales.,5,vorinostat,Confirmatory extension,HDAC inhibition
GDSC2_heldout_all_expression_sources,GDSC2,LN_IC50,Mean baseline,572,,,2.220446049250313e-16,,,,,0,Correlations only; PRISM and GDSC outcomes use different measurement scales.,5,vorinostat,Confirmatory extension,HDAC inhibition
GDSC2_heldout_all_expression_sources,GDSC2,LN_IC50,Elastic Net,572,0.0578679372225534,-0.0048256820155115,0.700759315234925,-0.0270972462506942,0.1382062964931152,-0.0882092062350442,0.0775830579041171,1000,Correlations only; PRISM and GDSC outcomes use different measurement scales.,5,vorinostat,Confirmatory extension,HDAC inhibition
GDSC2_heldout_all_expression_sources,GDSC2,LN_IC50,Random forest,572,0.3625410260599565,0.371563921723924,0.3457776054845632,0.3030894607344025,0.4229835803107611,0.3011991959026732,0.4377227069205837,1000,Correlations only; PRISM and GDSC outcomes use different measurement scales.,5,vorinostat,Confirmatory extension,HDAC inhibition
GDSC2_heldout_all_expression_sources,GDSC2,AUC,Mean baseline,572,,,2.220446049250313e-16,,,,,0,Correlations only; PRISM and GDSC outcomes use different measurement scales.,5,vorinostat,Confirmatory extension,HDAC inhibition
GDSC2_heldout_all_expression_sources,GDSC2,AUC,Elastic Net,572,0.0091987786193048,-0.0125187527375293,0.700759315234925,-0.0767179593952967,0.0910715089185972,-0.0954780115825982,0.0714219346447664,1000,Correlations only; PRISM and GDSC outcomes use different measurement scales.,5,vorinostat,Confirmatory extension,HDAC inhibition
GDSC2_heldout_all_expression_sources,GDSC2,AUC,Random forest,572,0.3251620603494342,0.3521348769787716,0.3457776054845632,0.2589311395825709,0.3860136109162572,0.2828088887825138,0.4196239654000498,1000,Correlations only; PRISM and GDSC outcomes use different measurement scales.,5,vorinostat,Confirmatory extension,HDAC inhibition
GDSC1_strict_sanger_heldout,GDSC1,LN_IC50,Mean baseline,339,,,4.440892098500626e-16,,,,,0,Correlations only; PRISM and GDSC outcomes use different measurement scales.,5,vorinostat,Confirmatory extension,HDAC inhibition
GDSC1_strict_sanger_heldout,GDSC1,LN_IC50,Elastic Net,339,0.0913387335791736,0.0231933565173464,0.742656504649121,-0.0157431118976203,0.1979654181226895,-0.083034471410209,0.132625635962621,1000,Correlations only; PRISM and GDSC outcomes use different measurement scales.,5,vorinostat,Confirmatory extension,HDAC inhibition
GDSC1_strict_sanger_heldout,GDSC1,LN_IC50,Random forest,339,0.2014228715440013,0.2165252318657996,0.3338076232693284,0.096289684598464,0.3077441333434665,0.1170683232164781,0.3177718421994782,1000,Correlations only; PRISM and GDSC outcomes use different measurement scales.,5,vorinostat,Confirmatory extension,HDAC inhibition
GDSC1_strict_sanger_heldout,GDSC1,AUC,Mean baseline,339,,,4.440892098500626e-16,,,,,0,Correlations only; PRISM and GDSC outcomes use different measurement scales.,5,vorinostat,Confirmatory extension,HDAC inhibition
GDSC1_strict_sanger_heldout,GDSC1,AUC,Elastic Net,339,0.0564251063500208,0.0064386460454213,0.742656504649121,-0.0537861674248418,0.1706946122664888,-0.0984588364907544,0.1098500044652916,1000,Correlations only; PRISM and GDSC outcomes use different measurement scales.,5,vorinostat,Confirmatory extension,HDAC inhibition
GDSC1_strict_sanger_heldout,GDSC1,AUC,Random forest,339,0.1869585054390104,0.195342662383066,0.3338076232693284,0.0920449464944202,0.2788615297644906,0.0988890716237018,0.2900508870112085,1000,Correlations only; PRISM and GDSC outcomes use different measurement scales.,5,vorinostat,Confirmatory extension,HDAC inhibition
GDSC1_heldout_all_expression_sources,GDSC1,LN_IC50,Mean baseline,551,,,0.0,,,,,0,Correlations only; PRISM and GDSC outcomes use different measurement scales.,5,vorinostat,Confirmatory extension,HDAC inhibition
GDSC1_heldout_all_expression_sources,GDSC1,LN_IC50,Elastic Net,551,0.0506320727091423,-0.0094180899980631,0.68623994588665,-0.0391751839952903,0.1296848922505531,-0.0933936413102723,0.066195852159418,1000,Correlations only; PRISM and GDSC outcomes use different measurement scales.,5,vorinostat,Confirmatory extension,HDAC inhibition
GDSC1_heldout_all_expression_sources,GDSC1,LN_IC50,Random forest,551,0.2389233316124122,0.2562126353091397,0.346592773839164,0.162285526545839,0.3142413457807608,0.1778945464343961,0.3306399543276749,1000,Correlations only; PRISM and GDSC outcomes use different measurement scales.,5,vorinostat,Confirmatory extension,HDAC inhibition
GDSC1_heldout_all_expression_sources,GDSC1,AUC,Mean baseline,551,,,0.0,,,,,0,Correlations only; PRISM and GDSC outcomes use different measurement scales.,5,vorinostat,Confirmatory extension,HDAC inhibition
GDSC1_heldout_all_expression_sources,GDSC1,AUC,Elastic Net,551,0.0215154931489017,-0.0200573875741555,0.68623994588665,-0.0657781706275574,0.1063656189323201,-0.1040216049133074,0.0649155599774793,1000,Correlations only; PRISM and GDSC outcomes use different measurement scales.,5,vorinostat,Confirmatory extension,HDAC inhibition
GDSC1_heldout_all_expression_sources,GDSC1,AUC,Random forest,551,0.2237498289439913,0.2359863130635638,0.346592773839164,0.1554209783310957,0.2943236769230509,0.1651252758492723,0.3085043741267959,1000,Correlations only; PRISM and GDSC outcomes use different measurement scales.,5,vorinostat,Confirmatory extension,HDAC inhibition
GDSC2_strict_sanger_heldout,GDSC2,LN_IC50,Mean baseline,348,,,8.881784197001252e-16,,,,,0,Correlations only; PRISM and GDSC outcomes use different measurement scales.,6,bortezomib,Confirmatory extension,Proteasome inhibition
GDSC2_strict_sanger_heldout,GDSC2,LN_IC50,Elastic Net,348,-0.1117659279384017,-0.1727711406676619,0.9130343359023686,-0.2062503684227864,-0.0216041438238186,-0.2734099855377556,-0.0743656966531033,1000,Correlations only; PRISM and GDSC outcomes use different measurement scales.,6,bortezomib,Confirmatory extension,Proteasome inhibition
GDSC2_strict_sanger_heldout,GDSC2,LN_IC50,Random forest,348,0.0673574169178227,0.0240049294032124,0.4304432265505971,-0.0393816908487931,0.1761796556885226,-0.0712561688486647,0.1273746887968057,1000,Correlations only; PRISM and GDSC outcomes use different measurement scales.,6,bortezomib,Confirmatory extension,Proteasome inhibition
GDSC2_strict_sanger_heldout,GDSC2,AUC,Mean baseline,348,,,8.881784197001252e-16,,,,,0,Correlations only; PRISM and GDSC outcomes use different measurement scales.,6,bortezomib,Confirmatory extension,Proteasome inhibition
GDSC2_strict_sanger_heldout,GDSC2,AUC,Elastic Net,348,-0.0567589607258458,-0.0787309292431891,0.9130343359023686,-0.1653424440202169,0.048534936941047,-0.1835753305873278,0.0249385568981952,1000,Correlations only; PRISM and GDSC outcomes use different measurement scales.,6,bortezomib,Confirmatory extension,Proteasome inhibition
GDSC2_strict_sanger_heldout,GDSC2,AUC,Random forest,348,0.1094198147520425,0.0536456997135809,0.4304432265505971,-0.0019860310415101,0.2063538606294072,-0.0500664280481877,0.1521962777253906,1000,Correlations only; PRISM and GDSC outcomes use different measurement scales.,6,bortezomib,Confirmatory extension,Proteasome inhibition
GDSC2_heldout_all_expression_sources,GDSC2,LN_IC50,Mean baseline,548,,,8.881784197001252e-16,,,,,0,Correlations only; PRISM and GDSC outcomes use different measurement scales.,6,bortezomib,Confirmatory extension,Proteasome inhibition
GDSC2_heldout_all_expression_sources,GDSC2,LN_IC50,Elastic Net,548,-0.0963698452633424,-0.1587992477962221,0.8558241402605838,-0.176939366155815,-0.0190380111402125,-0.243097168872911,-0.0763419988539625,1000,Correlations only; PRISM and GDSC outcomes use different measurement scales.,6,bortezomib,Confirmatory extension,Proteasome inhibition
GDSC2_heldout_all_expression_sources,GDSC2,LN_IC50,Random forest,548,0.1003868437661617,0.0710190007362636,0.419163453341037,0.0159437029595525,0.1837844489797959,-0.0131925859819057,0.15291052121896,1000,Correlations only; PRISM and GDSC outcomes use different measurement scales.,6,bortezomib,Confirmatory extension,Proteasome inhibition
GDSC2_heldout_all_expression_sources,GDSC2,AUC,Mean baseline,548,,,8.881784197001252e-16,,,,,0,Correlations only; PRISM and GDSC outcomes use different measurement scales.,6,bortezomib,Confirmatory extension,Proteasome inhibition
GDSC2_heldout_all_expression_sources,GDSC2,AUC,Elastic Net,548,-0.0418220589847058,-0.0754241865351032,0.8558241402605838,-0.1266438856912595,0.039444824809936,-0.1536430222043424,0.0100663289192178,1000,Correlations only; PRISM and GDSC outcomes use different measurement scales.,6,bortezomib,Confirmatory extension,Proteasome inhibition
GDSC2_heldout_all_expression_sources,GDSC2,AUC,Random forest,548,0.145462285891234,0.0953518697939898,0.419163453341037,0.0615492997164136,0.2276424715171678,0.0085981859133864,0.1797145948186025,1000,Correlations only; PRISM and GDSC outcomes use different measurement scales.,6,bortezomib,Confirmatory extension,Proteasome inhibition
GDSC1_strict_sanger_heldout,GDSC1,LN_IC50,Mean baseline,191,,,0.0,,,,,0,Correlations only; PRISM and GDSC outcomes use different measurement scales.,6,bortezomib,Confirmatory extension,Proteasome inhibition
GDSC1_strict_sanger_heldout,GDSC1,LN_IC50,Elastic Net,191,0.1088226002139103,0.2516741232408108,0.9329078589149148,-0.0262292409456426,0.2648719187947676,0.1106725013245228,0.3737488107286604,1000,Correlations only; PRISM and GDSC outcomes use different measurement scales.,6,bortezomib,Confirmatory extension,Proteasome inhibition
GDSC1_strict_sanger_heldout,GDSC1,LN_IC50,Random forest,191,0.292002242199063,0.3067581921492914,0.4454368198592818,0.177252461923708,0.4140756132136048,0.1836289396118153,0.4328365829853811,1000,Correlations only; PRISM and GDSC outcomes use different measurement scales.,6,bortezomib,Confirmatory extension,Proteasome inhibition
GDSC1_strict_sanger_heldout,GDSC1,AUC,Mean baseline,191,,,0.0,,,,,0,Correlations only; PRISM and GDSC outcomes use different measurement scales.,6,bortezomib,Confirmatory extension,Proteasome inhibition
GDSC1_strict_sanger_heldout,GDSC1,AUC,Elastic Net,191,0.1310279788689049,0.2548015982364287,0.9329078589149148,-0.0155750885300814,0.2919276848714007,0.1167484566284055,0.3782547839042444,1000,Correlations only; PRISM and GDSC outcomes use different measurement scales.,6,bortezomib,Confirmatory extension,Proteasome inhibition
GDSC1_strict_sanger_heldout,GDSC1,AUC,Random forest,191,0.2952184734184622,0.3033480297602645,0.4454368198592818,0.1863949662156262,0.4061134550817942,0.1818229830854925,0.4195787565728694,1000,Correlations only; PRISM and GDSC outcomes use different measurement scales.,6,bortezomib,Confirmatory extension,Proteasome inhibition
GDSC1_heldout_all_expression_sources,GDSC1,LN_IC50,Mean baseline,315,,,0.0,,,,,0,Correlations only; PRISM and GDSC outcomes use different measurement scales.,6,bortezomib,Confirmatory extension,Proteasome inhibition
GDSC1_heldout_all_expression_sources,GDSC1,LN_IC50,Elastic Net,315,0.0944326606434473,0.2122253652366531,0.8868898815857049,-0.0127813331836512,0.2206853058758989,0.097587723530411,0.3180254670684858,1000,Correlations only; PRISM and GDSC outcomes use different measurement scales.,6,bortezomib,Confirmatory extension,Proteasome inhibition
GDSC1_heldout_all_expression_sources,GDSC1,LN_IC50,Random forest,315,0.2486518776309172,0.2713926998645405,0.4420255015549702,0.1473528333792978,0.3386993740681133,0.1628066853518819,0.3642564477616242,1000,Correlations only; PRISM and GDSC outcomes use different measurement scales.,6,bortezomib,Confirmatory extension,Proteasome inhibition
GDSC1_heldout_all_expression_sources,GDSC1,AUC,Mean baseline,315,,,0.0,,,,,0,Correlations only; PRISM and GDSC outcomes use different measurement scales.,6,bortezomib,Confirmatory extension,Proteasome inhibition
GDSC1_heldout_all_expression_sources,GDSC1,AUC,Elastic Net,315,0.1156998485614221,0.2086949010032135,0.8868898815857049,0.0002986196399958,0.241894955593376,0.1019049385605879,0.3088925347253081,1000,Correlations only; PRISM and GDSC outcomes use different measurement scales.,6,bortezomib,Confirmatory extension,Proteasome inhibition
GDSC1_heldout_all_expression_sources,GDSC1,AUC,Random forest,315,0.265938328862842,0.2647477760756806,0.4420255015549702,0.1758203841112982,0.3550508187237952,0.1599738902929479,0.3635169542329914,1000,Correlations only; PRISM and GDSC outcomes use different measurement scales.,6,bortezomib,Confirmatory extension,Proteasome inhibition
